elapsed_s,position_rad,velocity_rad_s,tau_cmd_nm,tau_fb_nm,force_est_n
0.019342,2.840446,-0.593407,-1.250000,-0.489377,40.781441
0.022034,2.839392,-0.554335,-1.250000,-0.559707,46.642247
0.024741,2.838625,-0.500611,-1.250000,-0.665201,55.433455
0.027498,2.838050,-0.363858,-1.250000,-0.758974,63.247863
0.030339,2.837475,-0.305250,-1.250000,-0.805861,67.155067
0.033084,2.836517,-0.319902,-1.250000,-0.852747,71.062271
0.035562,2.834505,-0.598291,-1.250000,-0.817582,68.131868
0.038293,2.832205,-0.798535,-1.250000,-0.776557,64.713065
0.040770,2.829426,-0.974359,-1.250000,-0.694505,57.875458
0.043475,2.824539,-0.891331,-1.250000,-0.600733,50.061050
0.046502,2.824539,-0.891331,-1.250000,-0.600733,50.061050
0.049013,2.821760,-0.920635,-1.250000,-0.571429,47.619048
0.051577,2.819556,-0.881563,-1.250000,-0.577289,48.107448
0.054126,2.817543,-0.808303,-1.250000,-0.589011,49.084249
0.056623,2.815435,-0.798535,-1.250000,-0.594872,49.572650
0.059188,2.813614,-0.778999,-1.250000,-0.606593,50.549451
0.061703,2.811506,-0.798535,-1.250000,-0.612454,51.037851
0.064254,2.809590,-0.793651,-1.250000,-0.612454,51.037851
0.066793,2.807386,-0.818071,-1.250000,-0.606593,50.549451
0.069287,2.805277,-0.813187,-1.250000,-0.606593,50.549451
0.071892,2.803169,-0.832723,-1.250000,-0.600733,50.061050
0.074484,2.800965,-0.847375,-1.250000,-0.594872,49.572650
0.077378,2.798953,-0.842491,-1.250000,-0.594872,49.572650
0.079911,2.796366,-0.842491,-1.250000,-0.583150,48.595849
0.082606,2.794162,-0.866911,-1.250000,-0.577289,48.107448
0.085055,2.792053,-0.837607,-1.250000,-0.589011,49.084249
0.087591,2.790041,-0.783883,-1.250000,-0.594872,49.572650
0.090550,2.787933,-0.818071,-1.250000,-0.600733,50.061050
0.093151,2.785346,-0.852259,-1.250000,-0.589011,49.084249
0.095675,2.783237,-0.842491,-1.250000,-0.589011,49.084249
0.098228,2.781033,-0.852259,-1.250000,-0.583150,48.595849
0.100880,2.778734,-0.866911,-1.250000,-0.571429,47.619048
0.104006,2.776338,-0.905983,-1.250000,-0.565568,47.130647
0.106437,2.773655,-0.866911,-1.250000,-0.565568,47.130647
0.108985,2.771547,-0.866911,-1.250000,-0.565568,47.130647
0.111493,2.769247,-0.920635,-1.250000,-0.559707,46.642247
0.114028,2.767043,-0.891331,-1.250000,-0.559707,46.642247
0.116556,2.765030,-0.837607,-1.250000,-0.571429,47.619048
0.119129,2.762826,-0.808303,-1.250000,-0.571429,47.619048
0.121578,2.760718,-0.832723,-1.250000,-0.577289,48.107448
0.124128,2.758706,-0.837607,-1.250000,-0.583150,48.595849
0.126830,2.756598,-0.837607,-1.250000,-0.583150,48.595849
0.129201,2.754202,-0.881563,-1.250000,-0.571429,47.619048
0.131699,2.751998,-0.876679,-1.250000,-0.565568,47.130647
0.134328,2.749794,-0.886447,-1.250000,-0.559707,46.642247
0.136943,2.747494,-0.896215,-1.250000,-0.559707,46.642247
0.139302,2.745098,-0.871795,-1.250000,-0.553846,46.153846
0.141936,2.740499,-0.925519,-1.250000,-0.547985,45.665446
0.144797,2.740499,-0.925519,-1.250000,-0.547985,45.665446
0.147353,2.738199,-0.862027,-1.250000,-0.553846,46.153846
0.150062,2.735899,-0.852259,-1.250000,-0.553846,46.153846
0.152620,2.733503,-0.876679,-1.250000,-0.553846,46.153846
0.155271,2.733503,-0.876679,-1.250000,-0.553846,46.153846
0.157840,2.728904,-0.886447,-1.250000,-0.559707,46.642247
0.160369,2.726700,-0.862027,-1.250000,-0.553846,46.153846
0.162965,2.724400,-0.901099,-1.250000,-0.553846,46.153846
0.165487,2.722292,-0.862027,-1.250000,-0.565568,47.130647
0.168247,2.720088,-0.842491,-1.250000,-0.571429,47.619048
0.170852,2.717692,-0.842491,-1.250000,-0.565568,47.130647
0.173404,2.715392,-0.876679,-1.250000,-0.565568,47.130647
0.176031,2.713380,-0.862027,-1.250000,-0.571429,47.619048
0.178555,2.711176,-0.818071,-1.250000,-0.565568,47.130647
0.181176,2.709068,-0.852259,-1.250000,-0.571429,47.619048
0.183628,2.709068,-0.852259,-1.250000,-0.571429,47.619048
0.186166,2.704468,-0.886447,-1.250000,-0.559707,46.642247
0.188664,2.702168,-0.905983,-1.250000,-0.553846,46.153846
0.191305,2.699868,-0.910867,-1.250000,-0.547985,45.665446
0.193711,2.697377,-0.945055,-1.250000,-0.542125,45.177045
0.196332,2.695077,-0.925519,-1.250000,-0.530403,44.200244
0.198741,2.692681,-0.905983,-1.250000,-0.530403,44.200244
0.201463,2.690381,-0.940171,-1.250000,-0.518681,43.223443
0.204024,2.687794,-0.959707,-1.250000,-0.518681,43.223443
0.206527,2.685686,-0.901099,-1.250000,-0.530403,44.200244
0.209051,2.683482,-0.866911,-1.250000,-0.530403,44.200244
0.211720,2.681182,-0.896215,-1.250000,-0.536264,44.688645
0.214639,2.681182,-0.896215,-1.250000,-0.536264,44.688645
0.217686,2.676295,-0.866911,-1.250000,-0.553846,46.153846
0.220377,2.673612,-0.886447,-1.250000,-0.547985,45.665446
0.223335,2.671216,-0.901099,-1.250000,-0.547985,45.665446
0.225892,2.668724,-0.857143,-1.250000,-0.553846,46.153846
0.228535,2.666425,-0.857143,-1.250000,-0.547985,45.665446
0.231431,2.661537,-0.901099,-1.250000,-0.547985,45.665446
0.234487,2.661537,-0.901099,-1.250000,-0.547985,45.665446
0.236987,2.658950,-0.862027,-1.250000,-0.553846,46.153846
0.239552,2.656650,-0.891331,-1.250000,-0.547985,45.665446
0.242123,2.656650,-0.891331,-1.250000,-0.547985,45.665446
0.244645,2.651955,-0.920635,-1.250000,-0.536264,44.688645
0.247177,2.649559,-0.935287,-1.250000,-0.524542,43.711844
0.249685,2.647068,-0.940171,-1.250000,-0.518681,43.223443
0.252384,2.644672,-0.969475,-1.250000,-0.506960,42.246642
0.254928,2.642085,-0.964591,-1.250000,-0.506960,42.246642
0.257419,2.639593,-0.940171,-1.250000,-0.506960,42.246642
0.259935,2.637198,-0.964591,-1.250000,-0.501099,41.758242
0.262542,2.634994,-0.954823,-1.250000,-0.512821,42.735043
0.265026,2.632790,-0.891331,-1.250000,-0.524542,43.711844
0.267585,2.630585,-0.876679,-1.250000,-0.530403,44.200244
0.270099,2.628190,-0.891331,-1.250000,-0.530403,44.200244
0.272656,2.626082,-0.901099,-1.250000,-0.536264,44.688645
0.275201,2.623782,-0.876679,-1.250000,-0.536264,44.688645
0.277902,2.621578,-0.881563,-1.250000,-0.530403,44.200244
0.280450,2.618990,-0.940171,-1.250000,-0.530403,44.200244
0.283001,2.616691,-0.915751,-1.250000,-0.536264,44.688645
0.285528,2.614391,-0.905983,-1.250000,-0.530403,44.200244
0.288061,2.611995,-0.935287,-1.250000,-0.518681,43.223443
0.290432,2.609599,-0.949939,-1.250000,-0.524542,43.711844
0.292974,2.607587,-0.920635,-1.250000,-0.524542,43.711844
0.295488,2.605191,-0.891331,-1.250000,-0.518681,43.223443
0.297988,2.602892,-0.905983,-1.250000,-0.530403,44.200244
0.300497,2.600688,-0.915751,-1.250000,-0.524542,43.711844
0.303033,2.598292,-0.915751,-1.250000,-0.524542,43.711844
0.305571,2.595800,-0.959707,-1.250000,-0.518681,43.223443
0.308076,2.593309,-0.974359,-1.250000,-0.506960,42.246642
0.310600,2.591009,-0.949939,-1.250000,-0.506960,42.246642
0.313429,2.588709,-0.915751,-1.250000,-0.512821,42.735043
0.316117,2.586026,-0.935287,-1.250000,-0.512821,42.735043
0.318611,2.583535,-0.945055,-1.250000,-0.512821,42.735043
0.321036,2.581426,-0.886447,-1.250000,-0.524542,43.711844
0.323519,2.579318,-0.852259,-1.250000,-0.530403,44.200244
0.326056,2.577018,-0.866911,-1.250000,-0.524542,43.711844
0.328425,2.574623,-0.930403,-1.250000,-0.524542,43.711844
0.331437,2.572515,-0.915751,-1.250000,-0.530403,44.200244
0.333924,2.569640,-0.925519,-1.250000,-0.518681,43.223443
0.336685,2.567340,-0.964591,-1.250000,-0.512821,42.735043
0.339239,2.564753,-0.945055,-1.250000,-0.512821,42.735043
0.342232,2.562357,-0.915751,-1.250000,-0.512821,42.735043
0.345143,2.562357,-0.915751,-1.250000,-0.512821,42.735043
0.347635,2.556799,-0.949939,-1.250000,-0.512821,42.735043
0.350247,2.554403,-0.901099,-1.250000,-0.512821,42.735043
0.352923,2.552103,-0.915751,-1.250000,-0.512821,42.735043
0.355402,2.549708,-0.925519,-1.250000,-0.518681,43.223443
0.357948,2.547504,-0.930403,-1.250000,-0.518681,43.223443
0.360470,2.545108,-0.925519,-1.250000,-0.524542,43.711844
0.363005,2.542808,-0.910867,-1.250000,-0.524542,43.711844
0.365628,2.540508,-0.935287,-1.250000,-0.524542,43.711844
0.368243,2.538113,-0.905983,-1.250000,-0.524542,43.711844
0.370776,2.535813,-0.886447,-1.250000,-0.524542,43.711844
0.373293,2.533321,-0.930403,-1.250000,-0.518681,43.223443
0.375815,2.531022,-0.935287,-1.250000,-0.518681,43.223443
0.378346,2.528818,-0.910867,-1.250000,-0.524542,43.711844
0.380937,2.526422,-0.896215,-1.250000,-0.518681,43.223443
0.383387,2.524026,-0.920635,-1.250000,-0.518681,43.223443
0.385887,2.521726,-0.954823,-1.250000,-0.518681,43.223443
0.388396,2.519331,-0.945055,-1.250000,-0.518681,43.223443
0.390952,2.516935,-0.954823,-1.250000,-0.506960,42.246642
0.393607,2.514348,-1.003663,-1.250000,-0.495238,41.269841
0.396218,2.511760,-0.969475,-1.250000,-0.489377,40.781441
0.398639,2.509173,-0.959707,-1.250000,-0.483516,40.293040
0.401176,2.506682,-1.003663,-1.250000,-0.483516,40.293040
0.403652,2.504286,-0.989011,-1.250000,-0.489377,40.781441
0.406251,2.502082,-0.915751,-1.250000,-0.495238,41.269841
0.408769,2.499782,-0.920635,-1.250000,-0.501099,41.758242
0.411371,2.497482,-0.930403,-1.250000,-0.518681,43.223443
0.413824,2.495182,-0.915751,-1.250000,-0.524542,43.711844
0.416361,2.492787,-0.915751,-1.250000,-0.518681,43.223443
0.419338,2.490487,-0.910867,-1.250000,-0.524542,43.711844
0.422013,2.487804,-0.930403,-1.250000,-0.518681,43.223443
0.424584,2.485312,-0.930403,-1.250000,-0.512821,42.735043
0.427201,2.482917,-0.935287,-1.250000,-0.512821,42.735043
0.429611,2.480329,-0.954823,-1.250000,-0.501099,41.758242
0.432156,2.478029,-0.974359,-1.250000,-0.501099,41.758242
0.435746,2.475730,-0.920635,-1.250000,-0.506960,42.246642
0.438377,2.472280,-0.945055,-1.250000,-0.495238,41.269841
0.440901,2.469788,-0.984127,-1.250000,-0.495238,41.269841
0.443581,2.467201,-0.979243,-1.250000,-0.489377,40.781441
0.446223,2.464518,-0.979243,-1.250000,-0.471795,39.316239
0.448920,2.461835,-1.018315,-1.250000,-0.471795,39.316239
0.451422,2.459247,-0.989011,-1.250000,-0.477656,39.804640
0.453979,2.456852,-0.964591,-1.250000,-0.471795,39.316239
0.456557,2.454360,-0.993895,-1.250000,-0.477656,39.804640
0.459076,2.451869,-0.974359,-1.250000,-0.483516,40.293040
0.462194,2.449569,-0.910867,-1.250000,-0.495238,41.269841
0.464714,2.446790,-0.920635,-1.250000,-0.501099,41.758242
0.467234,2.444394,-0.935287,-1.250000,-0.506960,42.246642
0.469774,2.442094,-0.915751,-1.250000,-0.506960,42.246642
0.472306,2.439795,-0.935287,-1.250000,-0.506960,42.246642
0.474978,2.437495,-0.910867,-1.250000,-0.512821,42.735043
0.477508,2.435195,-0.886447,-1.250000,-0.518681,43.223443
0.480052,2.432991,-0.891331,-1.250000,-0.530403,44.200244
0.482697,2.430787,-0.876679,-1.250000,-0.536264,44.688645
0.485251,2.428295,-0.925519,-1.250000,-0.530403,44.200244
0.487766,2.425996,-0.925519,-1.250000,-0.530403,44.200244
0.490474,2.423887,-0.857143,-1.250000,-0.542125,45.177045
0.493349,2.421492,-0.827839,-1.250000,-0.547985,45.665446
0.496271,2.418904,-0.876679,-1.250000,-0.547985,45.665446
0.499229,2.416317,-0.925519,-1.250000,-0.547985,45.665446
0.501745,2.413538,-0.930403,-1.250000,-0.536264,44.688645
0.504277,2.411047,-0.984127,-1.250000,-0.524542,43.711844
0.507292,2.408651,-0.979243,-1.250000,-0.518681,43.223443
0.509820,2.405872,-0.930403,-1.250000,-0.512821,42.735043
0.512413,2.403380,-0.940171,-1.250000,-0.506960,42.246642
0.514897,2.401081,-0.949939,-1.250000,-0.512821,42.735043
0.517499,2.398781,-0.910867,-1.250000,-0.518681,43.223443
0.520018,2.396481,-0.881563,-1.250000,-0.518681,43.223443
0.522808,2.394181,-0.910867,-1.250000,-0.518681,43.223443
0.525146,2.391594,-0.930403,-1.250000,-0.518681,43.223443
0.527739,2.389486,-0.920635,-1.250000,-0.518681,43.223443
0.530325,2.386994,-0.925519,-1.250000,-0.518681,43.223443
0.532911,2.386994,-0.925519,-1.250000,-0.518681,43.223443
0.535519,2.382107,-0.935287,-1.250000,-0.512821,42.735043
0.538084,2.379807,-0.940171,-1.250000,-0.512821,42.735043
0.540658,2.377316,-0.930403,-1.250000,-0.506960,42.246642
0.543181,2.374728,-0.974359,-1.250000,-0.495238,41.269841
0.545801,2.372333,-0.998779,-1.250000,-0.495238,41.269841
0.548353,2.369745,-0.969475,-1.250000,-0.489377,40.781441
0.550859,2.367158,-0.979243,-1.250000,-0.483516,40.293040
0.553579,2.364667,-0.998779,-1.250000,-0.483516,40.293040
0.556035,2.361983,-0.984127,-1.250000,-0.483516,40.293040
0.558550,2.359492,-0.989011,-1.250000,-0.471795,39.316239
0.561108,2.357096,-0.998779,-1.250000,-0.471795,39.316239
0.563661,2.354509,-0.974359,-1.250000,-0.477656,39.804640
0.566362,2.352017,-0.969475,-1.250000,-0.465934,38.827839
0.569049,2.349334,-1.008547,-1.250000,-0.465934,38.827839
0.571736,2.346747,-1.008547,-1.250000,-0.471795,39.316239
0.574259,2.344160,-0.949939,-1.250000,-0.471795,39.316239
0.577054,2.341764,-0.945055,-1.250000,-0.483516,40.293040
0.579669,2.339177,-0.959707,-1.250000,-0.483516,40.293040
0.582425,2.336685,-0.945055,-1.250000,-0.483516,40.293040
0.585153,2.334098,-0.949939,-1.250000,-0.489377,40.781441
0.588023,2.331510,-0.969475,-1.250000,-0.483516,40.293040
0.590758,2.328732,-0.959707,-1.250000,-0.489377,40.781441
0.593400,2.326144,-0.935287,-1.250000,-0.495238,41.269841
0.596199,2.323557,-0.964591,-1.250000,-0.489377,40.781441
0.598964,2.320874,-0.993895,-1.250000,-0.495238,41.269841
0.601574,2.318382,-0.920635,-1.250000,-0.501099,41.758242
0.604313,2.315891,-0.930403,-1.250000,-0.501099,41.758242
0.607034,2.313399,-0.940171,-1.250000,-0.501099,41.758242
0.609726,2.311004,-0.901099,-1.250000,-0.512821,42.735043
0.612568,2.308512,-0.896215,-1.250000,-0.512821,42.735043
0.615758,2.305733,-0.954823,-1.250000,-0.506960,42.246642
0.618693,2.302858,-0.949939,-1.250000,-0.506960,42.246642
0.621185,2.299984,-0.949939,-1.250000,-0.495238,41.269841
0.623977,2.297492,-0.998779,-1.250000,-0.489377,40.781441
0.626732,2.294617,-1.008547,-1.250000,-0.483516,40.293040
0.629533,2.291934,-0.974359,-1.250000,-0.471795,39.316239
0.632500,2.289155,-0.989011,-1.250000,-0.477656,39.804640
0.635213,2.283406,-1.008547,-1.250000,-0.465934,38.827839
0.638549,2.280243,-0.984127,-1.250000,-0.471795,39.316239
0.642496,2.280243,-0.984127,-1.250000,-0.471795,39.316239
0.645264,2.276985,-0.891331,-1.250000,-0.506960,42.246642
0.647888,2.274877,-0.798535,-1.250000,-0.536264,44.688645
0.650516,2.272769,-0.803419,-1.250000,-0.553846,46.153846
0.653418,2.270469,-0.847375,-1.250000,-0.559707,46.642247
0.656280,2.267882,-0.905983,-1.250000,-0.559707,46.642247
0.658965,2.265294,-0.881563,-1.250000,-0.553846,46.153846
0.661660,2.262707,-0.920635,-1.250000,-0.530403,44.200244
0.664544,2.260024,-0.984127,-1.250000,-0.518681,43.223443
0.667205,2.257149,-0.984127,-1.250000,-0.506960,42.246642
0.669907,2.254466,-0.993895,-1.250000,-0.489377,40.781441
0.672692,2.251591,-0.998779,-1.250000,-0.477656,39.804640
0.675375,2.248908,-1.003663,-1.250000,-0.465934,38.827839
0.678061,2.245937,-1.037851,-1.250000,-0.454212,37.851038
0.680847,2.243158,-1.052503,-1.250000,-0.448352,37.362637
0.683518,2.240284,-0.998779,-1.250000,-0.442491,36.874237
0.686288,2.237696,-1.013431,-1.250000,-0.448352,37.362637
0.688890,2.234821,-1.008547,-1.250000,-0.448352,37.362637
0.691595,2.232234,-1.023199,-1.250000,-0.448352,37.362637
0.694588,2.229551,-1.013431,-1.250000,-0.454212,37.851038
0.697598,2.226389,-1.023199,-1.250000,-0.448352,37.362637
0.700127,2.223418,-1.013431,-1.250000,-0.448352,37.362637
0.702644,2.220927,-0.974359,-1.250000,-0.454212,37.851038
0.705232,2.218435,-1.003663,-1.250000,-0.448352,37.362637
0.708190,2.215944,-1.008547,-1.250000,-0.460073,38.339438
0.710701,2.213165,-0.935287,-1.250000,-0.471795,39.316239
0.713240,2.210769,-0.945055,-1.250000,-0.471795,39.316239
0.715874,2.208373,-0.979243,-1.250000,-0.477656,39.804640
0.718879,2.205786,-0.964591,-1.250000,-0.483516,40.293040
0.721344,2.202719,-0.993895,-1.250000,-0.465934,38.827839
0.723830,2.200228,-1.028083,-1.250000,-0.460073,38.339438
0.726524,2.197641,-1.013431,-1.250000,-0.460073,38.339438
0.729380,2.194862,-1.003663,-1.250000,-0.448352,37.362637
0.731945,2.191795,-1.062271,-1.250000,-0.442491,36.874237
0.734506,2.189208,-1.057387,-1.250000,-0.442491,36.874237
0.737049,2.186621,-1.008547,-1.250000,-0.442491,36.874237
0.739777,2.184033,-0.998779,-1.250000,-0.448352,37.362637
0.742882,2.181254,-0.998779,-1.250000,-0.448352,37.362637
0.745806,2.178284,-1.003663,-1.250000,-0.454212,37.851038
0.748775,2.175313,-1.018315,-1.250000,-0.448352,37.362637
0.751344,2.172342,-1.013431,-1.250000,-0.448352,37.362637
0.753900,2.169659,-1.008547,-1.250000,-0.448352,37.362637
0.756495,2.169659,-1.008547,-1.250000,-0.448352,37.362637
0.758901,2.164293,-1.047619,-1.250000,-0.436630,36.385836
0.761952,2.161801,-1.018315,-1.250000,-0.442491,36.874237
0.764483,2.158831,-1.008547,-1.250000,-0.442491,36.874237
0.767016,2.156244,-1.023199,-1.250000,-0.436630,36.385836
0.769628,2.153656,-1.018315,-1.250000,-0.442491,36.874237
0.772192,2.150877,-1.023199,-1.250000,-0.430769,35.897436
0.774701,2.148194,-1.052503,-1.250000,-0.430769,35.897436
0.777474,2.145703,-1.042735,-1.250000,-0.436630,36.385836
0.780018,2.142732,-1.023199,-1.250000,-0.430769,35.897436
0.782560,2.140145,-1.067155,-1.250000,-0.436630,36.385836
0.785199,2.137557,-1.047619,-1.250000,-0.436630,36.385836
0.787642,2.134970,-0.979243,-1.250000,-0.442491,36.874237
0.790156,2.132670,-0.979243,-1.250000,-0.460073,38.339438
0.792687,2.130179,-0.974359,-1.250000,-0.460073,38.339438
0.795372,2.127687,-0.984127,-1.250000,-0.460073,38.339438
0.797780,2.124908,-1.008547,-1.250000,-0.460073,38.339438
0.800591,2.122417,-1.028083,-1.250000,-0.448352,37.362637
0.803132,2.119542,-1.047619,-1.250000,-0.436630,36.385836
0.805803,2.116763,-1.047619,-1.250000,-0.436630,36.385836
0.808591,2.113792,-1.091575,-1.250000,-0.419048,34.920635
0.811269,2.110918,-1.062271,-1.250000,-0.419048,34.920635
0.814267,2.108234,-1.018315,-1.250000,-0.424908,35.409035
0.816743,2.105072,-1.008547,-1.250000,-0.419048,34.920635
0.819290,2.102485,-1.057387,-1.250000,-0.424908,35.409035
0.821817,2.099802,-1.067155,-1.250000,-0.419048,34.920635
0.824377,2.096927,-1.086691,-1.250000,-0.407326,33.943834
0.826943,2.094244,-1.101343,-1.250000,-0.413187,34.432234
0.829438,2.091465,-1.076923,-1.250000,-0.401465,33.455433
0.831995,2.088686,-1.081807,-1.250000,-0.401465,33.455433
0.834303,2.086003,-1.081807,-1.250000,-0.401465,33.455433
0.836813,2.083607,-1.047619,-1.250000,-0.401465,33.455433
0.839413,2.081020,-1.037851,-1.250000,-0.407326,33.943834
0.841943,2.078241,-1.057387,-1.250000,-0.407326,33.943834
0.844617,2.075557,-1.067155,-1.250000,-0.407326,33.943834
0.847295,2.072491,-1.101343,-1.250000,-0.401465,33.455433
0.849703,2.069520,-1.130647,-1.250000,-0.389744,32.478632
0.852217,2.066646,-1.125763,-1.250000,-0.383883,31.990232
0.854794,2.063962,-1.111111,-1.250000,-0.378022,31.501832
0.857316,2.060896,-1.145299,-1.250000,-0.360440,30.036630
0.859896,2.058117,-1.145299,-1.250000,-0.366300,30.525031
0.862484,2.055338,-1.101343,-1.250000,-0.366300,30.525031
0.865215,2.052463,-1.101343,-1.250000,-0.366300,30.525031
0.867742,2.049493,-1.096459,-1.250000,-0.383883,31.990232
0.870238,2.046714,-1.101343,-1.250000,-0.378022,31.501832
0.872795,2.043935,-1.106227,-1.250000,-0.378022,31.501832
0.875362,2.041252,-1.086691,-1.250000,-0.383883,31.990232
0.877901,2.038473,-1.062271,-1.250000,-0.378022,31.501832
0.880377,2.035694,-1.086691,-1.250000,-0.383883,31.990232
0.882877,2.033010,-1.086691,-1.250000,-0.383883,31.990232
0.885385,2.030423,-1.057387,-1.250000,-0.389744,32.478632
0.887955,2.027740,-1.072039,-1.250000,-0.395604,32.967033
0.890461,2.024865,-1.101343,-1.250000,-0.389744,32.478632
0.893096,2.022086,-1.096459,-1.250000,-0.383883,31.990232
0.895762,2.019116,-1.111111,-1.250000,-0.378022,31.501832
0.898296,2.016049,-1.140415,-1.250000,-0.366300,30.525031
0.900811,2.013174,-1.145299,-1.250000,-0.366300,30.525031
0.903347,2.010300,-1.145299,-1.250000,-0.354579,29.548230
0.905853,2.007425,-1.150183,-1.250000,-0.354579,29.548230
0.908247,2.004837,-1.101343,-1.250000,-0.372161,31.013431
0.910675,2.002154,-1.081807,-1.250000,-0.372161,31.013431
0.913173,1.999471,-1.091575,-1.250000,-0.378022,31.501832
0.915539,1.996788,-1.086691,-1.250000,-0.378022,31.501832
0.918044,1.994296,-1.086691,-1.250000,-0.378022,31.501832
0.920572,1.991422,-1.101343,-1.250000,-0.372161,31.013431
0.923069,1.988643,-1.111111,-1.250000,-0.372161,31.013431
0.925588,1.985864,-1.096459,-1.250000,-0.372161,31.013431
0.928192,1.982989,-1.140415,-1.250000,-0.366300,30.525031
0.930793,1.980114,-1.135531,-1.250000,-0.366300,30.525031
0.933266,1.977144,-1.106227,-1.250000,-0.366300,30.525031
0.935761,1.974365,-1.115995,-1.250000,-0.366300,30.525031
0.938275,1.971586,-1.111111,-1.250000,-0.354579,29.548230
0.940798,1.968711,-1.135531,-1.250000,-0.354579,29.548230
0.943314,1.965836,-1.150183,-1.250000,-0.354579,29.548230
0.946043,1.962961,-1.145299,-1.250000,-0.354579,29.548230
0.948552,1.959991,-1.115995,-1.250000,-0.360440,30.036630
0.951076,1.957116,-1.130647,-1.250000,-0.354579,29.548230
0.953716,1.954337,-1.140415,-1.250000,-0.366300,30.525031
0.956122,1.951558,-1.067155,-1.250000,-0.372161,31.013431
0.958649,1.948875,-1.062271,-1.250000,-0.366300,30.525031
0.961143,1.948875,-1.062271,-1.250000,-0.366300,30.525031
0.963682,1.943413,-1.101343,-1.250000,-0.372161,31.013431
0.966106,1.940538,-1.125763,-1.250000,-0.366300,30.525031
0.968700,1.937759,-1.145299,-1.250000,-0.366300,30.525031
0.971148,1.934788,-1.130647,-1.250000,-0.360440,30.036630
0.973714,1.931913,-1.150183,-1.250000,-0.348718,29.059829
0.976257,1.928943,-1.179487,-1.250000,-0.348718,29.059829
0.978820,1.926068,-1.125763,-1.250000,-0.342857,28.571429
0.981494,1.923193,-1.120879,-1.250000,-0.342857,28.571429
0.984065,1.920222,-1.130647,-1.250000,-0.348718,29.059829
0.986570,1.917252,-1.125763,-1.250000,-0.354579,29.548230
0.989070,1.914473,-1.125763,-1.250000,-0.360440,30.036630
0.991585,1.911694,-1.145299,-1.250000,-0.354579,29.548230
0.994132,1.908915,-1.115995,-1.250000,-0.360440,30.036630
0.996636,1.906040,-1.101343,-1.250000,-0.366300,30.525031
0.999277,1.903261,-1.111111,-1.250000,-0.360440,30.036630
1.001717,1.900482,-1.106227,-1.250000,-0.366300,30.525031
1.003994,1.897799,-1.081807,-1.250000,-0.366300,30.525031
1.006518,1.895212,-1.111111,-1.250000,-0.372161,31.013431
1.009025,1.892433,-1.125763,-1.250000,-0.372161,31.013431
1.011541,1.889462,-1.140415,-1.250000,-0.360440,30.036630
1.014071,1.886491,-1.164835,-1.250000,-0.354579,29.548230
1.016571,1.883521,-1.169719,-1.250000,-0.348718,29.059829
1.019071,1.880550,-1.159951,-1.250000,-0.336996,28.083028
1.021635,1.877675,-1.184371,-1.250000,-0.331136,27.594628
1.024145,1.874801,-1.145299,-1.250000,-0.336996,28.083028
1.026823,1.871926,-1.125763,-1.250000,-0.342857,28.571429
1.029499,1.868859,-1.140415,-1.250000,-0.348718,29.059829
1.031951,1.865985,-1.120879,-1.250000,-0.348718,29.059829
1.034472,1.860427,-1.115995,-1.250000,-0.354579,29.548230
1.038084,1.860427,-1.115995,-1.250000,-0.354579,29.548230
1.040626,1.856402,-1.120879,-1.250000,-0.354579,29.548230
1.043164,1.853431,-1.135531,-1.250000,-0.348718,29.059829
1.045767,1.850461,-1.155067,-1.250000,-0.348718,29.059829
1.048191,1.847682,-1.125763,-1.250000,-0.360440,30.036630
1.050742,1.844999,-1.115995,-1.250000,-0.348718,29.059829
1.053280,1.842028,-1.150183,-1.250000,-0.348718,29.059829
1.055807,1.839057,-1.155067,-1.250000,-0.348718,29.059829
1.058338,1.836087,-1.150183,-1.250000,-0.336996,28.083028
1.060979,1.833116,-1.189255,-1.250000,-0.336996,28.083028
1.063365,1.830050,-1.169719,-1.250000,-0.331136,27.594628
1.065721,1.827175,-1.164835,-1.250000,-0.325275,27.106227
1.068125,1.824492,-1.179487,-1.250000,-0.331136,27.594628
1.070318,1.821808,-1.150183,-1.250000,-0.331136,27.594628
1.072865,1.819317,-1.130647,-1.250000,-0.336996,28.083028
1.075370,1.816346,-1.135531,-1.250000,-0.336996,28.083028
1.077907,1.813567,-1.120879,-1.250000,-0.336996,28.083028
1.080460,1.810693,-1.140415,-1.250000,-0.342857,28.571429
1.082991,1.807722,-1.145299,-1.250000,-0.342857,28.571429
1.085522,1.804847,-1.150183,-1.250000,-0.342857,28.571429
1.088041,1.801877,-1.155067,-1.250000,-0.342857,28.571429
1.090588,1.798906,-1.184371,-1.250000,-0.325275,27.106227
1.093125,1.795935,-1.174603,-1.250000,-0.331136,27.594628
1.095542,1.792965,-1.150183,-1.250000,-0.319414,26.617827
1.097863,1.790090,-1.155067,-1.250000,-0.313553,26.129426
1.100559,1.787407,-1.169719,-1.250000,-0.325275,27.106227
1.103119,1.784244,-1.169719,-1.250000,-0.319414,26.617827
1.105700,1.781178,-1.203907,-1.250000,-0.325275,27.106227
1.108235,1.778112,-1.179487,-1.250000,-0.319414,26.617827
1.111166,1.775141,-1.164835,-1.250000,-0.319414,26.617827
1.113855,1.771691,-1.174603,-1.250000,-0.319414,26.617827
1.116354,1.768625,-1.145299,-1.250000,-0.319414,26.617827
1.118915,1.765750,-1.150183,-1.250000,-0.325275,27.106227
1.121351,1.762779,-1.159951,-1.250000,-0.325275,27.106227
1.123960,1.759904,-1.169719,-1.250000,-0.325275,27.106227
1.126454,1.756838,-1.184371,-1.250000,-0.325275,27.106227
1.128944,1.753772,-1.203907,-1.250000,-0.313553,26.129426
1.131518,1.750801,-1.194139,-1.250000,-0.319414,26.617827
1.134028,1.747543,-1.199023,-1.250000,-0.301832,25.152625
1.136622,1.744668,-1.218559,-1.250000,-0.307692,25.641026
1.139206,1.741697,-1.179487,-1.250000,-0.307692,25.641026
1.141616,1.735756,-1.179487,-1.250000,-0.319414,26.617827
1.144447,1.735756,-1.179487,-1.250000,-0.319414,26.617827
1.147114,1.732498,-1.179487,-1.250000,-0.313553,26.129426
1.149647,1.729336,-1.179487,-1.250000,-0.319414,26.617827
1.152150,1.726365,-1.159951,-1.250000,-0.325275,27.106227
1.154891,1.723395,-1.150183,-1.250000,-0.313553,26.129426
1.157271,1.720136,-1.199023,-1.250000,-0.319414,26.617827
1.159827,1.717453,-1.189255,-1.250000,-0.313553,26.129426
1.162119,1.714483,-1.174603,-1.250000,-0.313553,26.129426
1.164351,1.711704,-1.179487,-1.250000,-0.313553,26.129426
1.166646,1.709021,-1.199023,-1.250000,-0.307692,25.641026
1.169191,1.706242,-1.208791,-1.250000,-0.301832,25.152625
1.171770,1.703079,-1.213675,-1.250000,-0.295971,24.664225
1.174328,1.699917,-1.218559,-1.250000,-0.295971,24.664225
1.176862,1.696851,-1.203907,-1.250000,-0.290110,24.175824
1.179408,1.693688,-1.228327,-1.250000,-0.290110,24.175824
1.181946,1.690813,-1.213675,-1.250000,-0.301832,25.152625
1.184375,1.687747,-1.174603,-1.250000,-0.301832,25.152625
1.186899,1.684968,-1.174603,-1.250000,-0.307692,25.641026
1.189403,1.682093,-1.159951,-1.250000,-0.313553,26.129426
1.191943,1.679123,-1.140415,-1.250000,-0.313553,26.129426
1.194468,1.676152,-1.184371,-1.250000,-0.319414,26.617827
1.196996,1.673277,-1.184371,-1.250000,-0.313553,26.129426
1.199505,1.670211,-1.189255,-1.250000,-0.313553,26.129426
1.202117,1.667144,-1.218559,-1.250000,-0.313553,26.129426
1.204544,1.663982,-1.194139,-1.250000,-0.301832,25.152625
1.207075,1.661107,-1.199023,-1.250000,-0.301832,25.152625
1.209684,1.658041,-1.203907,-1.250000,-0.295971,24.664225
1.212612,1.654783,-1.223443,-1.250000,-0.295971,24.664225
1.215195,1.651237,-1.233211,-1.250000,-0.290110,24.175824
1.217701,1.648171,-1.218559,-1.250000,-0.295971,24.664225
1.220176,1.645104,-1.203907,-1.250000,-0.295971,24.664225
1.222723,1.642134,-1.208791,-1.250000,-0.290110,24.175824
1.225266,1.639163,-1.203907,-1.250000,-0.295971,24.664225
1.227752,1.636192,-1.164835,-1.250000,-0.295971,24.664225
1.230276,1.633222,-1.169719,-1.250000,-0.301832,25.152625
1.232871,1.630251,-1.169719,-1.250000,-0.307692,25.641026
1.235335,1.630251,-1.169719,-1.250000,-0.307692,25.641026
1.237914,1.624406,-1.194139,-1.250000,-0.313553,26.129426
1.240465,1.621243,-1.208791,-1.250000,-0.307692,25.641026
1.243091,1.618081,-1.208791,-1.250000,-0.301832,25.152625
1.245481,1.614823,-1.233211,-1.250000,-0.295971,24.664225
1.247978,1.612044,-1.208791,-1.250000,-0.290110,24.175824
1.250495,1.609073,-1.189255,-1.250000,-0.295971,24.664225
1.253183,1.606007,-1.194139,-1.250000,-0.295971,24.664225
1.255600,1.606007,-1.194139,-1.250000,-0.295971,24.664225
1.258130,1.599778,-1.213675,-1.250000,-0.295971,24.664225
1.260628,1.596808,-1.213675,-1.250000,-0.295971,24.664225
1.263188,1.593933,-1.199023,-1.250000,-0.295971,24.664225
1.265719,1.590770,-1.189255,-1.250000,-0.290110,24.175824
1.268236,1.587704,-1.213675,-1.250000,-0.295971,24.664225
1.270456,1.584829,-1.174603,-1.250000,-0.301832,25.152625
1.272954,1.582242,-1.159951,-1.250000,-0.301832,25.152625
1.275504,1.579367,-1.184371,-1.250000,-0.307692,25.641026
1.278149,1.576205,-1.184371,-1.250000,-0.307692,25.641026
1.280698,1.573042,-1.218559,-1.250000,-0.301832,25.152625
1.283217,1.569880,-1.218559,-1.250000,-0.301832,25.152625
1.285776,1.566814,-1.208791,-1.250000,-0.290110,24.175824
1.288313,1.563556,-1.252747,-1.250000,-0.290110,24.175824
1.290815,1.560585,-1.247863,-1.250000,-0.284249,23.687424
1.293395,1.557519,-1.184371,-1.250000,-0.295971,24.664225
1.296013,1.554548,-1.169719,-1.250000,-0.301832,25.152625
1.298883,1.551577,-1.164835,-1.250000,-0.301832,25.152625
1.301438,1.548128,-1.179487,-1.250000,-0.307692,25.641026
1.303968,1.545157,-1.189255,-1.250000,-0.301832,25.152625
1.306523,1.542186,-1.194139,-1.250000,-0.307692,25.641026
1.309070,1.538928,-1.199023,-1.250000,-0.301832,25.152625
1.311532,1.535862,-1.223443,-1.250000,-0.295971,24.664225
1.314048,1.533083,-1.203907,-1.250000,-0.301832,25.152625
1.316654,1.530016,-1.184371,-1.250000,-0.301832,25.152625
1.319115,1.526950,-1.199023,-1.250000,-0.301832,25.152625
1.321660,1.523979,-1.194139,-1.250000,-0.301832,25.152625
1.324359,1.520817,-1.213675,-1.250000,-0.290110,24.175824
1.326722,1.517559,-1.223443,-1.250000,-0.290110,24.175824
1.329259,1.514588,-1.218559,-1.250000,-0.284249,23.687424
1.331780,1.511522,-1.238095,-1.250000,-0.290110,24.175824
1.334289,1.508551,-1.218559,-1.250000,-0.290110,24.175824
1.336925,1.505676,-1.169719,-1.250000,-0.295971,24.664225
1.339521,1.502706,-1.150183,-1.250000,-0.307692,25.641026
1.342234,1.499735,-1.140415,-1.250000,-0.307692,25.641026
1.345136,1.496381,-1.169719,-1.250000,-0.313553,26.129426
1.347478,1.493027,-1.194139,-1.250000,-0.307692,25.641026
1.350144,1.490248,-1.199023,-1.250000,-0.313553,26.129426
1.352663,1.486894,-1.208791,-1.250000,-0.301832,25.152625
1.355184,1.483828,-1.238095,-1.250000,-0.295971,24.664225
1.357851,1.480857,-1.218559,-1.250000,-0.295971,24.664225
1.360376,1.477599,-1.179487,-1.250000,-0.284249,23.687424
1.362934,1.474629,-1.213675,-1.250000,-0.290110,24.175824
1.365454,1.471466,-1.208791,-1.250000,-0.290110,24.175824
1.367973,1.468400,-1.199023,-1.250000,-0.290110,24.175824
1.370459,1.465429,-1.223443,-1.250000,-0.295971,24.664225
1.373065,1.462363,-1.208791,-1.250000,-0.290110,24.175824
1.375700,1.459200,-1.218559,-1.250000,-0.295971,24.664225
1.378225,1.456230,-1.174603,-1.250000,-0.301832,25.152625
1.380759,1.453355,-1.135531,-1.250000,-0.307692,25.641026
1.383402,1.450289,-1.159951,-1.250000,-0.313553,26.129426
1.386037,1.447318,-1.169719,-1.250000,-0.313553,26.129426
1.388950,1.444251,-1.189255,-1.250000,-0.319414,26.617827
1.391805,1.440418,-1.223443,-1.250000,-0.307692,25.641026
1.394308,1.437064,-1.208791,-1.250000,-0.307692,25.641026
1.396843,1.433998,-1.208791,-1.250000,-0.301832,25.152625
1.399361,1.430932,-1.233211,-1.250000,-0.290110,24.175824
1.402054,1.427961,-1.203907,-1.250000,-0.295971,24.664225
1.404409,1.424703,-1.194139,-1.250000,-0.290110,24.175824
1.406925,1.422020,-1.203907,-1.250000,-0.301832,25.152625
1.409497,1.419049,-1.194139,-1.250000,-0.301832,25.152625
1.412018,1.415791,-1.203907,-1.250000,-0.295971,24.664225
1.414562,1.412820,-1.194139,-1.250000,-0.301832,25.152625
1.417226,1.409850,-1.184371,-1.250000,-0.295971,24.664225
1.419644,1.406592,-1.213675,-1.250000,-0.295971,24.664225
1.422215,1.403813,-1.194139,-1.250000,-0.301832,25.152625
1.424872,1.400746,-1.174603,-1.250000,-0.301832,25.152625
1.427389,1.397584,-1.179487,-1.250000,-0.307692,25.641026
1.429906,1.394613,-1.189255,-1.250000,-0.307692,25.641026
1.432485,1.391643,-1.194139,-1.250000,-0.301832,25.152625
1.434972,1.388480,-1.213675,-1.250000,-0.295971,24.664225
1.437508,1.385414,-1.218559,-1.250000,-0.295971,24.664225
1.439801,1.382347,-1.203907,-1.250000,-0.295971,24.664225
1.442199,1.379568,-1.228327,-1.250000,-0.290110,24.175824
1.444530,1.376790,-1.218559,-1.250000,-0.301832,25.152625
1.447047,1.374011,-1.184371,-1.250000,-0.301832,25.152625
1.449838,1.370944,-1.184371,-1.250000,-0.301832,25.152625
1.452354,1.364620,-1.174603,-1.250000,-0.295971,24.664225
1.455699,1.364620,-1.174603,-1.250000,-0.295971,24.664225
1.458236,1.360691,-1.213675,-1.250000,-0.301832,25.152625
1.460480,1.357624,-1.199023,-1.250000,-0.295971,24.664225
1.463049,1.354941,-1.218559,-1.250000,-0.295971,24.664225
1.465339,1.351779,-1.233211,-1.250000,-0.295971,24.664225
1.467930,1.348904,-1.194139,-1.250000,-0.290110,24.175824
1.470460,1.345933,-1.203907,-1.250000,-0.295971,24.664225
1.472956,1.342771,-1.199023,-1.250000,-0.290110,24.175824
1.475380,1.339800,-1.218559,-1.250000,-0.290110,24.175824
1.477875,1.336830,-1.228327,-1.250000,-0.284249,23.687424
1.480256,1.333763,-1.218559,-1.250000,-0.290110,24.175824
1.482810,1.330889,-1.208791,-1.250000,-0.295971,24.664225
1.485043,1.327822,-1.223443,-1.250000,-0.284249,23.687424
1.487419,1.325139,-1.218559,-1.250000,-0.295971,24.664225
1.489938,1.322456,-1.164835,-1.250000,-0.295971,24.664225
1.492846,1.319389,-1.169719,-1.250000,-0.295971,24.664225
1.495308,1.315940,-1.184371,-1.250000,-0.301832,25.152625
1.497806,1.313065,-1.189255,-1.250000,-0.295971,24.664225
1.500091,1.309998,-1.223443,-1.250000,-0.301832,25.152625
1.502635,1.307219,-1.233211,-1.250000,-0.295971,24.664225
1.505206,1.304057,-1.238095,-1.250000,-0.284249,23.687424
1.507708,1.300799,-1.262515,-1.250000,-0.284249,23.687424
1.509939,1.297828,-1.208791,-1.250000,-0.278388,23.199023
1.512434,1.295049,-1.199023,-1.250000,-0.284249,23.687424
1.514936,1.292079,-1.203907,-1.250000,-0.284249,23.687424
1.517453,1.289108,-1.213675,-1.250000,-0.284249,23.687424
1.519826,1.285946,-1.223443,-1.250000,-0.290110,24.175824
1.522357,1.283071,-1.228327,-1.250000,-0.278388,23.199023
1.524862,1.280100,-1.218559,-1.250000,-0.284249,23.687424
1.527426,1.276938,-1.218559,-1.250000,-0.284249,23.687424
1.529930,1.273776,-1.218559,-1.250000,-0.284249,23.687424
1.532553,1.270997,-1.174603,-1.250000,-0.295971,24.664225
1.535095,1.267739,-1.164835,-1.250000,-0.295971,24.664225
1.537547,1.264864,-1.194139,-1.250000,-0.301832,25.152625
1.540143,1.261893,-1.199023,-1.250000,-0.301832,25.152625
1.542640,1.258635,-1.233211,-1.250000,-0.295971,24.664225
1.544953,1.255569,-1.238095,-1.250000,-0.290110,24.175824
1.547414,1.252790,-1.213675,-1.250000,-0.278388,23.199023
1.549759,1.249628,-1.247863,-1.250000,-0.272527,22.710623
1.552273,1.246849,-1.238095,-1.250000,-0.272527,22.710623
1.554939,1.243782,-1.203907,-1.250000,-0.278388,23.199023
1.557478,1.240524,-1.218559,-1.250000,-0.278388,23.199023
1.560184,1.237362,-1.208791,-1.250000,-0.278388,23.199023
1.562733,1.234295,-1.213675,-1.250000,-0.290110,24.175824
1.565240,1.231133,-1.213675,-1.250000,-0.284249,23.687424
1.567732,1.228067,-1.208791,-1.250000,-0.290110,24.175824
1.570274,1.225000,-1.218559,-1.250000,-0.284249,23.687424
1.572782,1.221838,-1.233211,-1.250000,-0.284249,23.687424
1.575298,1.219059,-1.194139,-1.250000,-0.290110,24.175824
1.577827,1.215992,-1.184371,-1.250000,-0.290110,24.175824
1.580378,1.212926,-1.223443,-1.250000,-0.295971,24.664225
1.582893,1.209764,-1.218559,-1.250000,-0.290110,24.175824
1.585382,1.206697,-1.223443,-1.250000,-0.284249,23.687424
1.587933,1.203631,-1.242979,-1.250000,-0.290110,24.175824
1.590482,1.200564,-1.218559,-1.250000,-0.278388,23.199023
1.592980,1.197402,-1.242979,-1.250000,-0.278388,23.199023
1.595709,1.194336,-1.233211,-1.250000,-0.284249,23.687424
1.598251,1.191077,-1.199023,-1.250000,-0.284249,23.687424
1.600757,1.188011,-1.199023,-1.250000,-0.290110,24.175824
1.603293,1.185040,-1.189255,-1.250000,-0.290110,24.175824
1.605928,1.181974,-1.208791,-1.250000,-0.290110,24.175824
1.608412,1.178812,-1.208791,-1.250000,-0.284249,23.687424
1.610929,1.175841,-1.223443,-1.250000,-0.290110,24.175824
1.613446,1.172583,-1.238095,-1.250000,-0.284249,23.687424
1.616481,1.169516,-1.252747,-1.250000,-0.284249,23.687424
1.618995,1.165779,-1.223443,-1.250000,-0.284249,23.687424
1.621531,1.162809,-1.184371,-1.250000,-0.278388,23.199023
1.624088,1.159838,-1.208791,-1.250000,-0.284249,23.687424
1.626710,1.156676,-1.203907,-1.250000,-0.284249,23.687424
1.629126,1.153418,-1.252747,-1.250000,-0.290110,24.175824
1.631764,1.150447,-1.233211,-1.250000,-0.290110,24.175824
1.634277,1.147285,-1.203907,-1.250000,-0.284249,23.687424
1.636816,1.144218,-1.228327,-1.250000,-0.290110,24.175824
1.639339,1.141056,-1.199023,-1.250000,-0.290110,24.175824
1.641877,1.138085,-1.194139,-1.250000,-0.295971,24.664225
1.644275,1.135115,-1.203907,-1.250000,-0.290110,24.175824
1.646810,1.132240,-1.203907,-1.250000,-0.290110,24.175824
1.649512,1.129078,-1.218559,-1.250000,-0.290110,24.175824
1.651997,1.122753,-1.238095,-1.250000,-0.284249,23.687424
1.655623,1.122753,-1.238095,-1.250000,-0.284249,23.687424
1.658137,1.118153,-1.242979,-1.250000,-0.272527,22.710623
1.660818,1.115087,-1.242979,-1.250000,-0.278388,23.199023
1.663710,1.111925,-1.213675,-1.250000,-0.272527,22.710623
1.666352,1.108283,-1.223443,-1.250000,-0.278388,23.199023
1.668713,1.105121,-1.213675,-1.250000,-0.278388,23.199023
1.671281,1.102246,-1.223443,-1.250000,-0.278388,23.199023
1.673927,1.099180,-1.223443,-1.250000,-0.284249,23.687424
1.676600,1.095922,-1.194139,-1.250000,-0.278388,23.199023
1.679078,1.092663,-1.228327,-1.250000,-0.284249,23.687424
1.681561,1.089789,-1.223443,-1.250000,-0.284249,23.687424
1.684180,1.086818,-1.189255,-1.250000,-0.290110,24.175824
1.686698,1.083560,-1.199023,-1.250000,-0.290110,24.175824
1.689102,1.080493,-1.223443,-1.250000,-0.290110,24.175824
1.691899,1.077523,-1.228327,-1.250000,-0.284249,23.687424
1.694771,1.073977,-1.238095,-1.250000,-0.272527,22.710623
1.697829,1.070528,-1.238095,-1.250000,-0.278388,23.199023
1.700357,1.066694,-1.252747,-1.250000,-0.266667,22.222222
1.702907,1.063628,-1.267399,-1.250000,-0.272527,22.710623
1.705417,1.060466,-1.223443,-1.250000,-0.272527,22.710623
1.707918,1.057399,-1.218559,-1.250000,-0.266667,22.222222
1.710412,1.054333,-1.213675,-1.250000,-0.278388,23.199023
1.712962,1.051362,-1.199023,-1.250000,-0.272527,22.710623
1.715346,1.048296,-1.223443,-1.250000,-0.278388,23.199023
1.717917,1.045421,-1.223443,-1.250000,-0.284249,23.687424
1.720417,1.042259,-1.223443,-1.250000,-0.278388,23.199023
1.722908,1.039096,-1.247863,-1.250000,-0.284249,23.687424
1.725522,1.036126,-1.213675,-1.250000,-0.278388,23.199023
1.728121,1.032868,-1.218559,-1.250000,-0.278388,23.199023
1.730804,1.029705,-1.213675,-1.250000,-0.278388,23.199023
1.733375,1.026351,-1.233211,-1.250000,-0.278388,23.199023
1.735878,1.023189,-1.247863,-1.250000,-0.278388,23.199023
1.738533,1.020123,-1.242979,-1.250000,-0.278388,23.199023
1.741324,1.016865,-1.228327,-1.250000,-0.278388,23.199023
1.743844,1.013319,-1.252747,-1.250000,-0.266667,22.222222
1.746228,1.007378,-1.203907,-1.250000,-0.266667,22.222222
1.750238,1.007378,-1.203907,-1.250000,-0.266667,22.222222
1.753370,1.002586,-1.218559,-1.250000,-0.278388,23.199023
1.755794,0.998753,-1.208791,-1.250000,-0.278388,23.199023
1.758289,0.995687,-1.238095,-1.250000,-0.284249,23.687424
1.760986,0.992716,-1.242979,-1.250000,-0.278388,23.199023
1.763335,0.989266,-1.257631,-1.250000,-0.272527,22.710623
1.765882,0.986296,-1.257631,-1.250000,-0.272527,22.710623
1.768581,0.983229,-1.213675,-1.250000,-0.266667,22.222222
1.771220,0.979971,-1.223443,-1.250000,-0.278388,23.199023
1.773755,0.976713,-1.218559,-1.250000,-0.272527,22.710623
1.776411,0.973647,-1.238095,-1.250000,-0.278388,23.199023
1.778888,0.970389,-1.233211,-1.250000,-0.272527,22.710623
1.781818,0.967226,-1.238095,-1.250000,-0.272527,22.710623
1.784461,0.963681,-1.218559,-1.250000,-0.266667,22.222222
1.786887,0.960327,-1.242979,-1.250000,-0.266667,22.222222
1.789481,0.957452,-1.228327,-1.250000,-0.272527,22.710623
1.791922,0.954290,-1.213675,-1.250000,-0.272527,22.710623
1.794672,0.951319,-1.228327,-1.250000,-0.284249,23.687424
1.797204,0.947965,-1.223443,-1.250000,-0.284249,23.687424
1.799685,0.944803,-1.247863,-1.250000,-0.278388,23.199023
1.802643,0.941641,-1.247863,-1.250000,-0.272527,22.710623
1.805160,0.937903,-1.247863,-1.250000,-0.266667,22.222222
1.807675,0.934741,-1.277167,-1.250000,-0.266667,22.222222
1.810277,0.931675,-1.228327,-1.250000,-0.260806,21.733822
1.813169,0.928608,-1.203907,-1.250000,-0.272527,22.710623
1.815804,0.925063,-1.218559,-1.250000,-0.278388,23.199023
1.818646,0.921805,-1.213675,-1.250000,-0.284249,23.687424
1.821438,0.918355,-1.223443,-1.250000,-0.278388,23.199023
1.823968,0.915001,-1.218559,-1.250000,-0.278388,23.199023
1.826513,0.911839,-1.228327,-1.250000,-0.278388,23.199023
1.829013,0.908676,-1.247863,-1.250000,-0.266667,22.222222
1.831571,0.905610,-1.252747,-1.250000,-0.278388,23.199023
1.833915,0.902448,-1.223443,-1.250000,-0.272527,22.710623
1.836417,0.899669,-1.228327,-1.250000,-0.272527,22.710623
1.838928,0.896602,-1.223443,-1.250000,-0.278388,23.199023
1.841460,0.893344,-1.228327,-1.250000,-0.266667,22.222222
1.843979,0.890182,-1.257631,-1.250000,-0.272527,22.710623
1.846617,0.887019,-1.252747,-1.250000,-0.260806,21.733822
1.849010,0.883666,-1.282051,-1.250000,-0.266667,22.222222
1.852014,0.877053,-1.223443,-1.250000,-0.266667,22.222222
1.854854,0.877053,-1.223443,-1.250000,-0.266667,22.222222
1.857561,0.873700,-1.199023,-1.250000,-0.266667,22.222222
1.860292,0.870441,-1.203907,-1.250000,-0.272527,22.710623
1.862798,0.867088,-1.223443,-1.250000,-0.278388,23.199023
1.865267,0.864021,-1.238095,-1.250000,-0.272527,22.710623
1.867922,0.860955,-1.247863,-1.250000,-0.278388,23.199023
1.870511,0.857601,-1.257631,-1.250000,-0.266667,22.222222
1.873230,0.854343,-1.267399,-1.250000,-0.266667,22.222222
1.875887,0.850989,-1.223443,-1.250000,-0.272527,22.710623
1.878498,0.847731,-1.223443,-1.250000,-0.266667,22.222222
1.880967,0.844472,-1.238095,-1.250000,-0.272527,22.710623
1.883488,0.841406,-1.228327,-1.250000,-0.260806,21.733822
1.886515,0.838340,-1.267399,-1.250000,-0.266667,22.222222
1.889576,0.834411,-1.257631,-1.250000,-0.260806,21.733822
1.892434,0.830578,-1.267399,-1.250000,-0.260806,21.733822
1.895250,0.827128,-1.238095,-1.250000,-0.260806,21.733822
1.898286,0.823678,-1.208791,-1.250000,-0.266667,22.222222
1.901372,0.819941,-1.223443,-1.250000,-0.272527,22.710623
1.903961,0.816204,-1.228327,-1.250000,-0.272527,22.710623
1.906574,0.812945,-1.262515,-1.250000,-0.266667,22.222222
1.909187,0.809687,-1.262515,-1.250000,-0.272527,22.710623
1.912173,0.806429,-1.242979,-1.250000,-0.260806,21.733822
1.914725,0.802596,-1.267399,-1.250000,-0.254945,21.245421
1.917130,0.799530,-1.218559,-1.250000,-0.260806,21.733822
1.919783,0.796559,-1.223443,-1.250000,-0.260806,21.733822
1.922190,0.793397,-1.228327,-1.250000,-0.272527,22.710623
1.924693,0.790330,-1.238095,-1.250000,-0.266667,22.222222
1.927377,0.787168,-1.272283,-1.250000,-0.260806,21.733822
1.929905,0.783814,-1.252747,-1.250000,-0.260806,21.733822
1.932586,0.780652,-1.233211,-1.250000,-0.254945,21.245421
1.935119,0.777202,-1.262515,-1.250000,-0.254945,21.245421
1.937573,0.774231,-1.233211,-1.250000,-0.260806,21.733822
1.940175,0.771165,-1.233211,-1.250000,-0.266667,22.222222
1.942647,0.768003,-1.242979,-1.250000,-0.266667,22.222222
1.945147,0.764936,-1.247863,-1.250000,-0.266667,22.222222
1.947774,0.761774,-1.247863,-1.250000,-0.260806,21.733822
1.950202,0.758420,-1.252747,-1.250000,-0.254945,21.245421
1.953218,0.755449,-1.247863,-1.250000,-0.254945,21.245421
1.955826,0.751521,-1.272283,-1.250000,-0.249084,20.757021
1.958194,0.748454,-1.252747,-1.250000,-0.266667,22.222222
1.960751,0.745483,-1.218559,-1.250000,-0.260806,21.733822
1.963283,0.742417,-1.223443,-1.250000,-0.272527,22.710623
1.966133,0.739255,-1.223443,-1.250000,-0.272527,22.710623
1.968901,0.732355,-1.252747,-1.250000,-0.266667,22.222222
1.971750,0.732355,-1.252747,-1.250000,-0.266667,22.222222
1.974217,0.728714,-1.257631,-1.250000,-0.260806,21.733822
1.976808,0.725456,-1.282051,-1.250000,-0.260806,21.733822
1.979459,0.722389,-1.257631,-1.250000,-0.260806,21.733822
1.981997,0.719131,-1.242979,-1.250000,-0.266667,22.222222
1.984516,0.715873,-1.242979,-1.250000,-0.254945,21.245421
1.986945,0.712711,-1.223443,-1.250000,-0.254945,21.245421
1.989461,0.709644,-1.262515,-1.250000,-0.254945,21.245421
1.991987,0.706482,-1.262515,-1.250000,-0.249084,20.757021
1.994487,0.703416,-1.262515,-1.250000,-0.260806,21.733822
1.997009,0.700157,-1.272283,-1.250000,-0.249084,20.757021
1.999524,0.697091,-1.277167,-1.250000,-0.249084,20.757021
2.002091,0.693929,-1.213675,-1.250000,-0.254945,21.245421
2.004612,0.690862,-1.218559,-1.250000,-0.254945,21.245421
2.007142,0.687796,-1.223443,-1.250000,-0.266667,22.222222
2.009654,0.684634,-1.238095,-1.250000,-0.260806,21.733822
2.012161,0.681471,-1.262515,-1.250000,-0.266667,22.222222
2.014836,0.678117,-1.267399,-1.250000,-0.260806,21.733822
2.017508,0.674763,-1.272283,-1.250000,-0.254945,21.245421
2.020058,0.671409,-1.291819,-1.250000,-0.254945,21.245421
2.022684,0.668343,-1.233211,-1.250000,-0.249084,20.757021
2.025188,0.665085,-1.238095,-1.250000,-0.254945,21.245421
2.027698,0.662018,-1.238095,-1.250000,-0.254945,21.245421
2.030258,0.658856,-1.252747,-1.250000,-0.260806,21.733822
2.032935,0.655598,-1.262515,-1.250000,-0.254945,21.245421
2.035329,0.652244,-1.262515,-1.250000,-0.260806,21.733822
2.037865,0.649178,-1.247863,-1.250000,-0.254945,21.245421
2.040351,0.645920,-1.272283,-1.250000,-0.249084,20.757021
2.042932,0.643045,-1.242979,-1.250000,-0.254945,21.245421
2.045686,0.639787,-1.213675,-1.250000,-0.254945,21.245421
2.048428,0.632983,-1.247863,-1.250000,-0.266667,22.222222
2.051718,0.632983,-1.247863,-1.250000,-0.266667,22.222222
2.054227,0.628862,-1.277167,-1.250000,-0.260806,21.733822
2.056717,0.625700,-1.262515,-1.250000,-0.254945,21.245421
2.059271,0.622538,-1.272283,-1.250000,-0.249084,20.757021
2.061947,0.619280,-1.282051,-1.250000,-0.249084,20.757021
2.064447,0.616022,-1.228327,-1.250000,-0.254945,21.245421
2.067463,0.612859,-1.238095,-1.250000,-0.254945,21.245421
2.069986,0.609122,-1.242979,-1.250000,-0.254945,21.245421
2.072512,0.605960,-1.247863,-1.250000,-0.260806,21.733822
2.075041,0.602798,-1.262515,-1.250000,-0.254945,21.245421
2.077853,0.599348,-1.257631,-1.250000,-0.260806,21.733822
2.080607,0.595994,-1.267399,-1.250000,-0.249084,20.757021
2.083174,0.592640,-1.277167,-1.250000,-0.254945,21.245421
2.085707,0.589478,-1.242979,-1.250000,-0.254945,21.245421
2.088206,0.586315,-1.233211,-1.250000,-0.260806,21.733822
2.090733,0.583249,-1.252747,-1.250000,-0.260806,21.733822
2.093429,0.579991,-1.233211,-1.250000,-0.254945,21.245421
2.096241,0.576637,-1.262515,-1.250000,-0.254945,21.245421
2.098741,0.573091,-1.257631,-1.250000,-0.254945,21.245421
2.101242,0.569929,-1.272283,-1.250000,-0.254945,21.245421
2.103929,0.566863,-1.272283,-1.250000,-0.260806,21.733822
2.106617,0.563509,-1.223443,-1.250000,-0.260806,21.733822
2.109118,0.560155,-1.233211,-1.250000,-0.260806,21.733822
2.111614,0.557184,-1.228327,-1.250000,-0.254945,21.245421
2.114159,0.554022,-1.252747,-1.250000,-0.260806,21.733822
2.116789,0.550764,-1.262515,-1.250000,-0.260806,21.733822
2.119256,0.547506,-1.267399,-1.250000,-0.260806,21.733822
2.121745,0.544343,-1.267399,-1.250000,-0.254945,21.245421
2.124146,0.541085,-1.286935,-1.250000,-0.254945,21.245421
2.126542,0.538210,-1.262515,-1.250000,-0.254945,21.245421
2.129080,0.535240,-1.233211,-1.250000,-0.249084,20.757021
2.131700,0.532078,-1.242979,-1.250000,-0.254945,21.245421
2.134049,0.528819,-1.238095,-1.250000,-0.254945,21.245421
2.136423,0.525753,-1.257631,-1.250000,-0.254945,21.245421
2.139008,0.522878,-1.267399,-1.250000,-0.260806,21.733822
2.141433,0.519716,-1.242979,-1.250000,-0.254945,21.245421
2.143956,0.516554,-1.262515,-1.250000,-0.254945,21.245421
2.146520,0.513487,-1.247863,-1.250000,-0.254945,21.245421
2.149157,0.510229,-1.228327,-1.250000,-0.254945,21.245421
2.151657,0.507067,-1.238095,-1.250000,-0.260806,21.733822
2.154216,0.504000,-1.247863,-1.250000,-0.266667,22.222222
2.156721,0.500742,-1.257631,-1.250000,-0.266667,22.222222
2.159222,0.497676,-1.262515,-1.250000,-0.260806,21.733822
2.161721,0.494418,-1.272283,-1.250000,-0.260806,21.733822
2.164331,0.491255,-1.257631,-1.250000,-0.249084,20.757021
2.166770,0.487997,-1.272283,-1.250000,-0.249084,20.757021
2.169407,0.484931,-1.233211,-1.250000,-0.254945,21.245421
2.172363,0.481481,-1.238095,-1.250000,-0.249084,20.757021
2.174905,0.477935,-1.242979,-1.250000,-0.260806,21.733822
2.177372,0.474773,-1.247863,-1.250000,-0.254945,21.245421
2.179934,0.471803,-1.267399,-1.250000,-0.260806,21.733822
2.182497,0.468544,-1.247863,-1.250000,-0.254945,21.245421
2.185138,0.465286,-1.252747,-1.250000,-0.249084,20.757021
2.187579,0.461932,-1.272283,-1.250000,-0.249084,20.757021
2.190079,0.458962,-1.238095,-1.250000,-0.260806,21.733822
2.192606,0.455895,-1.228327,-1.250000,-0.266667,22.222222
2.195106,0.452733,-1.247863,-1.250000,-0.260806,21.733822
2.197622,0.449571,-1.242979,-1.250000,-0.266667,22.222222
2.200511,0.449571,-1.242979,-1.250000,-0.266667,22.222222
2.202965,0.442863,-1.257631,-1.250000,-0.260806,21.733822
2.205485,0.439701,-1.257631,-1.250000,-0.249084,20.757021
2.207958,0.436443,-1.286935,-1.250000,-0.249084,20.757021
2.210754,0.433376,-1.257631,-1.250000,-0.254945,21.245421
2.213345,0.429830,-1.242979,-1.250000,-0.254945,21.245421
2.216016,0.426668,-1.252747,-1.250000,-0.260806,21.733822
2.218551,0.423314,-1.233211,-1.250000,-0.254945,21.245421
2.221062,0.420152,-1.262515,-1.250000,-0.254945,21.245421
2.223925,0.416990,-1.267399,-1.250000,-0.254945,21.245421
2.226474,0.413348,-1.272283,-1.250000,-0.254945,21.245421
2.229186,0.410090,-1.286935,-1.250000,-0.254945,21.245421
2.231881,0.406832,-1.238095,-1.250000,-0.260806,21.733822
2.234566,0.403478,-1.228327,-1.250000,-0.260806,21.733822
2.236953,0.400220,-1.223443,-1.250000,-0.260806,21.733822
2.239466,0.397249,-1.252747,-1.250000,-0.260806,21.733822
2.242157,0.393991,-1.257631,-1.250000,-0.254945,21.245421
2.244640,0.390829,-1.247863,-1.250000,-0.260806,21.733822
2.247237,0.387571,-1.257631,-1.250000,-0.254945,21.245421
2.249698,0.381246,-1.252747,-1.250000,-0.260806,21.733822
2.252778,0.381246,-1.252747,-1.250000,-0.260806,21.733822
2.255300,0.377413,-1.233211,-1.250000,-0.254945,21.245421
2.257836,0.374251,-1.252747,-1.250000,-0.260806,21.733822
2.260323,0.371089,-1.242979,-1.250000,-0.254945,21.245421
2.262950,0.368022,-1.267399,-1.250000,-0.260806,21.733822
2.265389,0.364668,-1.272283,-1.250000,-0.254945,21.245421
2.267909,0.361506,-1.272283,-1.250000,-0.254945,21.245421
2.270356,0.358248,-1.282051,-1.250000,-0.249084,20.757021
2.272853,0.355277,-1.242979,-1.250000,-0.249084,20.757021
2.275361,0.352211,-1.228327,-1.250000,-0.254945,21.245421
2.277994,0.349144,-1.228327,-1.250000,-0.254945,21.245421
2.280912,0.345790,-1.252747,-1.250000,-0.260806,21.733822
2.283338,0.342149,-1.257631,-1.250000,-0.260806,21.733822
2.285991,0.339083,-1.257631,-1.250000,-0.254945,21.245421
2.288782,0.335729,-1.247863,-1.250000,-0.254945,21.245421
2.291278,0.332087,-1.277167,-1.250000,-0.243223,20.268620
2.293936,0.329117,-1.267399,-1.250000,-0.254945,21.245421
2.296824,0.325763,-1.233211,-1.250000,-0.249084,20.757021
2.299323,0.322217,-1.242979,-1.250000,-0.260806,21.733822
2.302024,0.319151,-1.252747,-1.250000,-0.260806,21.733822
2.304545,0.315701,-1.282051,-1.250000,-0.260806,21.733822
2.307092,0.312539,-1.277167,-1.250000,-0.254945,21.245421
2.309682,0.309089,-1.262515,-1.250000,-0.243223,20.268620
2.312505,0.305831,-1.296703,-1.250000,-0.243223,20.268620
2.315017,0.302477,-1.252747,-1.250000,-0.243223,20.268620
2.317540,0.302477,-1.252747,-1.250000,-0.243223,20.268620
2.320057,0.296248,-1.242979,-1.250000,-0.254945,21.245421
2.322604,0.293086,-1.238095,-1.250000,-0.254945,21.245421
2.325211,0.289828,-1.257631,-1.250000,-0.254945,21.245421
2.327682,0.286570,-1.252747,-1.250000,-0.249084,20.757021
2.330206,0.283407,-1.267399,-1.250000,-0.254945,21.245421
2.332819,0.280149,-1.277167,-1.250000,-0.249084,20.757021
2.335351,0.276891,-1.267399,-1.250000,-0.254945,21.245421
2.337867,0.273825,-1.252747,-1.250000,-0.254945,21.245421
2.340497,0.270662,-1.238095,-1.250000,-0.260806,21.733822
2.343037,0.267404,-1.233211,-1.250000,-0.260806,21.733822
2.345325,0.264242,-1.242979,-1.250000,-0.254945,21.245421
2.348016,0.261367,-1.272283,-1.250000,-0.254945,21.245421
2.350678,0.257917,-1.262515,-1.250000,-0.249084,20.757021
2.353269,0.254468,-1.291819,-1.250000,-0.249084,20.757021
2.356213,0.251210,-1.277167,-1.250000,-0.243223,20.268620
2.358704,0.247568,-1.242979,-1.250000,-0.249084,20.757021
2.361369,0.244598,-1.223443,-1.250000,-0.254945,21.245421
2.363769,0.241244,-1.233211,-1.250000,-0.254945,21.245421
2.366376,0.238177,-1.267399,-1.250000,-0.254945,21.245421
2.368873,0.234919,-1.267399,-1.250000,-0.254945,21.245421
2.371400,0.231661,-1.267399,-1.250000,-0.254945,21.245421
2.373816,0.228403,-1.277167,-1.250000,-0.249084,20.757021
2.376397,0.225528,-1.277167,-1.250000,-0.254945,21.245421
2.378864,0.222270,-1.238095,-1.250000,-0.254945,21.245421
2.381382,0.219203,-1.228327,-1.250000,-0.254945,21.245421
2.383920,0.216233,-1.238095,-1.250000,-0.260806,21.733822
2.386602,0.213071,-1.218559,-1.250000,-0.254945,21.245421
2.389434,0.209621,-1.267399,-1.250000,-0.260806,21.733822
2.392005,0.206075,-1.272283,-1.250000,-0.254945,21.245421
2.394790,0.202721,-1.291819,-1.250000,-0.249084,20.757021
2.397320,0.199272,-1.257631,-1.250000,-0.243223,20.268620
2.399837,0.196109,-1.233211,-1.250000,-0.249084,20.757021
2.402445,0.192851,-1.247863,-1.250000,-0.254945,21.245421
2.404953,0.189689,-1.238095,-1.250000,-0.254945,21.245421
2.407479,0.186527,-1.262515,-1.250000,-0.254945,21.245421
2.410147,0.183364,-1.282051,-1.250000,-0.249084,20.757021
2.413139,0.180010,-1.277167,-1.250000,-0.249084,20.757021
2.416179,0.176081,-1.277167,-1.250000,-0.243223,20.268620
2.419063,0.172440,-1.252747,-1.250000,-0.249084,20.757021
2.421645,0.168894,-1.218559,-1.250000,-0.254945,21.245421
2.424186,0.165732,-1.238095,-1.250000,-0.260806,21.733822
2.427162,0.162570,-1.238095,-1.250000,-0.260806,21.733822
2.429680,0.158833,-1.262515,-1.250000,-0.254945,21.245421
2.432355,0.155670,-1.252747,-1.250000,-0.254945,21.245421
2.434901,0.152316,-1.238095,-1.250000,-0.249084,20.757021
2.437886,0.148963,-1.277167,-1.250000,-0.249084,20.757021
2.440424,0.145321,-1.242979,-1.250000,-0.254945,21.245421
2.442940,0.142159,-1.242979,-1.250000,-0.260806,21.733822
2.445293,0.139092,-1.257631,-1.250000,-0.266667,22.222222
2.448129,0.136122,-1.247863,-1.250000,-0.266667,22.222222
2.450638,0.132480,-1.267399,-1.250000,-0.260806,21.733822
2.453200,0.129318,-1.257631,-1.250000,-0.254945,21.245421
2.455818,0.126156,-1.252747,-1.250000,-0.254945,21.245421
2.458267,0.122802,-1.267399,-1.250000,-0.249084,20.757021
2.460831,0.119831,-1.252747,-1.250000,-0.254945,21.245421
2.463476,0.116669,-1.228327,-1.250000,-0.254945,21.245421
2.466046,0.113411,-1.228327,-1.250000,-0.254945,21.245421
2.468912,0.110249,-1.238095,-1.250000,-0.254945,21.245421
2.471466,0.106607,-1.247863,-1.250000,-0.254945,21.245421
2.473994,0.103445,-1.272283,-1.250000,-0.254945,21.245421
2.476530,0.100283,-1.257631,-1.250000,-0.254945,21.245421
2.479055,0.097024,-1.282051,-1.250000,-0.254945,21.245421
2.481687,0.093958,-1.257631,-1.250000,-0.254945,21.245421
2.484079,0.090700,-1.233211,-1.250000,-0.260806,21.733822
2.486603,0.087729,-1.238095,-1.250000,-0.254945,21.245421
2.489143,0.084567,-1.238095,-1.250000,-0.254945,21.245421
2.491629,0.081405,-1.262515,-1.250000,-0.260806,21.733822
2.494150,0.078242,-1.262515,-1.250000,-0.260806,21.733822
2.496904,0.075080,-1.252747,-1.250000,-0.260806,21.733822
2.499462,0.071535,-1.277167,-1.250000,-0.249084,20.757021
2.502027,0.068372,-1.277167,-1.250000,-0.254945,21.245421
2.504620,0.065210,-1.213675,-1.250000,-0.254945,21.245421
2.507132,0.062048,-1.233211,-1.250000,-0.254945,21.245421
2.509681,0.058981,-1.223443,-1.250000,-0.260806,21.733822
2.512336,0.055819,-1.242979,-1.250000,-0.260806,21.733822
2.514943,0.052465,-1.257631,-1.250000,-0.266667,22.222222
2.517468,0.049207,-1.252747,-1.250000,-0.260806,21.733822
2.520001,0.046045,-1.267399,-1.250000,-0.260806,21.733822
2.522513,0.042882,-1.267399,-1.250000,-0.260806,21.733822
2.525046,0.039816,-1.223443,-1.250000,-0.260806,21.733822
2.528220,0.036750,-1.208791,-1.250000,-0.266667,22.222222
2.531040,0.036750,-1.208791,-1.250000,-0.266667,22.222222
2.533693,0.029275,-1.242979,-1.250000,-0.266667,22.222222
2.536242,0.025921,-1.267399,-1.250000,-0.254945,21.245421
2.538837,0.022663,-1.262515,-1.250000,-0.254945,21.245421
