elapsed_s,current_a,recorded_duration_s
0.000000,+0.002930,0.000000
0.001762,+0.002930,0.001762
0.013152,+0.008791,0.013152
0.023968,+0.254945,0.023968
0.034449,+0.272527,0.034449
0.044967,+0.178755,0.044967
0.056182,+0.190476,0.056182
0.067120,+0.202198,0.067120
0.077970,+0.178755,0.077970
0.089051,+0.202198,0.089051
0.100027,+0.149451,0.100027
0.110981,+0.231502,0.110981
0.121670,+0.155311,0.121670
0.132492,+0.208059,0.132492
0.143547,+0.167033,0.143547
0.154562,+0.196337,0.154562
0.165023,+0.178755,0.165023
0.176142,+0.172894,0.176142
0.187238,+0.178755,0.187238
0.198017,+0.190476,0.198017
0.209067,+0.167033,0.209067
0.220112,+0.184615,0.220112
0.231063,+0.137729,0.231063
0.241675,+0.208059,0.241675
0.252093,+0.155311,0.252093
0.262631,+0.184615,0.262631
0.273770,+0.161172,0.273770
0.284582,+0.167033,0.284582
0.295802,+0.184615,0.295802
0.306683,+0.149451,0.306683
0.317596,+0.178755,0.317596
0.328542,+0.161172,0.328542
0.339126,+0.172894,0.339126
0.350085,+0.184615,0.350085
0.361160,+0.155311,0.361160
0.371561,+0.196337,0.371561
0.382141,+0.172894,0.382141
0.392575,+0.184615,0.392575
0.403672,+0.190476,0.403672
0.414304,+0.149451,0.414304
0.425189,+0.202198,0.425189
0.436306,+0.126007,0.436306
0.447203,+0.131868,0.447203
0.458138,+0.196337,0.458138
0.469151,+0.184615,0.469151
0.480315,+0.225641,0.480315
0.491173,+0.143590,0.491173
0.501638,+0.090842,0.501638
0.512223,+0.155311,0.512223
0.522980,+0.178755,0.522980
0.534379,+0.190476,0.534379
0.545150,+0.167033,0.545150
0.556094,+0.120147,0.556094
0.567111,+0.137729,0.567111
0.578109,+0.143590,0.578109
0.589105,+0.149451,0.589105
0.600204,+0.155311,0.600204
0.611085,+0.155311,0.611085
0.621945,+0.161172,0.621945
0.632819,+0.161172,0.632819
0.643825,+0.161172,0.643825
0.654669,+0.161172,0.654669
0.665346,+0.167033,0.665346
0.676362,+0.167033,0.676362
0.687318,+0.172894,0.687318
0.698362,+0.172894,0.698362
0.708962,+0.172894,0.708962
0.719922,+0.172894,0.719922
0.731049,+0.178755,0.731049
0.741416,+0.178755,0.741416
0.751939,+0.178755,0.751939
0.762984,+0.178755,0.762984
0.774285,+0.178755,0.774285
0.785111,+0.184615,0.785111
0.795626,+0.184615,0.795626
0.806592,+0.190476,0.806592
0.817602,+0.184615,0.817602
1.318763,+0.184615,1.318763
1.329795,+0.196337,1.329795
1.340959,+0.096703,1.340959
1.351782,-0.020513,1.351782
1.362788,-0.108425,1.362788
1.373952,-0.096703,1.373952
1.384825,-0.161172,1.384825
1.395766,-0.143590,1.395766
1.407015,-0.096703,1.407015
1.417704,-0.114286,1.417704
1.428944,-0.114286,1.428944
1.440365,-0.120147,1.440365
1.450856,-0.272527,1.450856
1.461350,-0.225641,1.461350
1.471954,-0.172894,1.471954
1.482899,-0.202198,1.482899
1.494064,-0.108425,1.494064
1.504906,-0.114286,1.504906
1.515376,-0.126007,1.515376
1.526475,-0.196337,1.526475
1.537383,-0.249084,1.537383
1.548614,-0.243223,1.548614
1.560172,-0.202198,1.560172
1.570967,-0.178755,1.570967
1.581444,-0.137729,1.581444
1.591996,-0.131868,1.591996
1.602940,-0.196337,1.602940
1.614128,-0.184615,1.614128
1.624953,-0.219780,1.624953
1.636036,-0.272527,1.636036
1.647036,-0.149451,1.647036
1.658009,-0.137729,1.658009
1.669092,-0.114286,1.669092
1.680167,-0.172894,1.680167
1.691030,-0.213919,1.691030
1.701504,-0.196337,1.701504
1.711966,-0.196337,1.711966
1.723021,-0.184615,1.723021
1.734142,-0.155311,1.734142
1.745065,-0.155311,1.745065
1.755992,-0.149451,1.755992
1.767043,-0.149451,1.767043
1.778217,-0.225641,1.778217
1.789072,-0.167033,1.789072
1.800557,-0.172894,1.800557
1.811313,-0.184615,1.811313
1.821895,-0.167033,1.821895
1.832867,-0.225641,1.832867
1.843666,-0.178755,1.843666
1.854566,-0.167033,1.854566
1.865150,-0.184615,1.865150
1.876181,-0.149451,1.876181
1.887113,-0.184615,1.887113
1.898166,-0.184615,1.898166
1.909122,-0.190476,1.909122
1.920250,-0.208059,1.920250
1.931162,-0.190476,1.931162
1.941679,-0.114286,1.941679
1.952148,-0.149451,1.952148
1.962712,-0.137729,1.962712
1.973873,-0.231502,1.973873
1.984690,-0.301832,1.984690
1.995786,-0.219780,1.995786
2.006776,-0.243223,2.006776
2.017805,-0.172894,2.017805
2.028833,-0.126007,2.028833
2.040619,-0.155311,2.040619
2.051287,-0.190476,2.051287
2.061785,-0.231502,2.061785
2.072316,-0.249084,2.072316
2.082812,-0.208059,2.082812
2.094129,-0.184615,2.094129
2.104822,-0.137729,2.104822
2.115980,-0.120147,2.115980
2.126917,-0.243223,2.126917
2.137967,-0.208059,2.137967
2.148917,-0.213919,2.148917
2.159994,-0.313553,2.159994
2.171001,-0.196337,2.171001
2.181494,-0.190476,2.181494
2.192118,-0.137729,2.192118
2.202948,-0.155311,2.202948
2.214090,-0.225641,2.214090
2.224585,-0.196337,2.224585
2.235039,-0.196337,2.235039
2.246151,-0.208059,2.246151
2.257057,-0.167033,2.257057
2.268139,-0.167033,2.268139
2.279010,-0.184615,2.279010
2.290015,-0.172894,2.290015
2.301218,-0.231502,2.301218
2.311995,-0.208059,2.311995
2.323059,-0.172894,2.323059
2.334295,-0.231502,2.334295
2.344682,-0.161172,2.344682
2.355716,-0.219780,2.355716
2.366765,-0.196337,2.366765
2.377741,-0.167033,2.377741
2.388857,-0.178755,2.388857
2.399284,-0.143590,2.399284
2.410230,-0.184615,2.410230
2.421235,-0.208059,2.421235
2.431931,-0.213919,2.431931
2.442779,-0.243223,2.442779
2.453856,-0.225641,2.453856
2.464312,-0.143590,2.464312
2.474792,-0.172894,2.474792
2.486014,-0.149451,2.486014
2.496938,-0.190476,2.496938
2.508091,-0.295971,2.508091
2.518979,-0.225641,2.518979
2.530260,-0.231502,2.530260
2.541218,-0.178755,2.541218
2.552274,-0.108425,2.552274
2.563358,-0.155311,2.563358
2.574296,-0.190476,2.574296
2.585123,-0.225641,2.585123
2.595736,-0.295971,2.595736
2.606705,-0.237363,2.606705
2.617552,-0.202198,2.617552
2.628972,-0.155311,2.628972
2.640534,-0.120147,2.640534
2.651243,-0.225641,2.651243
2.662221,-0.190476,2.662221
2.673258,-0.208059,2.673258
2.684246,-0.313553,2.684246
2.695268,-0.178755,2.695268
2.706104,-0.149451,2.706104
2.717199,-0.120147,2.717199
2.728083,-0.172894,2.728083
2.739158,-0.243223,2.739158
2.750180,-0.208059,2.750180
2.761264,-0.208059,2.761264
2.772168,-0.213919,2.772168
2.783146,-0.172894,2.783146
2.794074,-0.167033,2.794074
2.804697,-0.155311,2.804697
2.815386,-0.155311,2.815386
2.826214,-0.254945,2.826214
2.837150,-0.184615,2.837150
2.848158,-0.172894,2.848158
2.859206,-0.172894,2.859206
2.870163,-0.161172,2.870163
2.881254,-0.225641,2.881254
2.892469,-0.178755,2.892469
2.903084,-0.172894,2.903084
2.914071,-0.196337,2.914071
2.924666,-0.161172,2.924666
2.935271,-0.208059,2.935271
2.946262,-0.202198,2.946262
2.957148,-0.202198,2.957148
2.968210,-0.213919,2.968210
2.979242,-0.178755,2.979242
2.990208,-0.114286,2.990208
3.001240,-0.143590,3.001240
3.011654,-0.131868,3.011654
3.022212,-0.254945,3.022212
3.032811,-0.272527,3.032811
3.043845,-0.202198,3.043845
3.054373,-0.225641,3.054373
3.065324,-0.143590,3.065324
3.076204,-0.120147,3.076204
3.087231,-0.149451,3.087231
3.098203,-0.178755,3.098203
3.109229,-0.219780,3.109229
3.120521,-0.237363,3.120521
3.131210,-0.184615,3.131210
3.141794,-0.155311,3.141794
3.152259,-0.102564,3.152259
3.163233,-0.126007,3.163233
3.174378,-0.225641,3.174378
3.184752,-0.190476,3.184752
3.195286,-0.213919,3.195286
3.206348,-0.295971,3.206348
3.217262,-0.178755,3.217262
3.228500,-0.161172,3.228500
3.239237,-0.108425,3.239237
3.250282,-0.149451,3.250282
3.261285,-0.208059,3.261285
3.271853,-0.178755,3.271853
3.282402,-0.178755,3.282402
3.292899,-0.161172,3.292899
3.303412,-0.131868,3.303412
3.314567,-0.143590,3.314567
3.324938,-0.161172,3.324938
3.335959,-0.161172,3.335959
3.347122,-0.225641,3.347122
3.357947,-0.196337,3.357947
3.368963,-0.161172,3.368963
3.379536,-0.208059,3.379536
3.390529,-0.149451,3.390529
3.401600,-0.202198,3.401600
3.411967,-0.167033,3.411967
3.423085,-0.143590,3.423085
3.433692,-0.149451,3.433692
3.444280,-0.126007,3.444280
3.455453,-0.126007,3.455453
3.466235,-0.167033,3.466235
3.477270,-0.190476,3.477270
3.488238,-0.213919,3.488238
3.499317,-0.190476,3.499317
3.510324,-0.126007,3.510324
3.521048,-0.161172,3.521048
3.532025,-0.126007,3.532025
3.542859,-0.178755,3.542859
3.553854,-0.272527,3.553854
3.564376,-0.196337,3.564376
3.575623,-0.202198,3.575623
3.586307,-0.143590,3.586307
3.596807,-0.090842,3.596807
3.607822,-0.120147,3.607822
3.618837,-0.155311,3.618837
3.629384,-0.196337,3.629384
3.640479,-0.260806,3.640479
3.651374,-0.213919,3.651374
3.661857,-0.178755,3.661857
3.672369,-0.137729,3.672369
3.682900,-0.096703,3.682900
3.694023,-0.172894,3.694023
3.704410,-0.161172,3.704410
3.714943,-0.167033,3.714943
3.725948,-0.278388,3.725948
3.736952,-0.190476,3.736952
3.748015,-0.143590,3.748015
3.758908,-0.114286,3.758908
3.769442,-0.131868,3.769442
3.780471,-0.196337,3.780471
3.791463,-0.178755,3.791463
3.802466,-0.184615,3.802466
3.813570,-0.213919,3.813570
3.824474,-0.161172,3.824474
3.835013,-0.155311,3.835013
3.846013,-0.155311,3.846013
3.857019,-0.137729,3.857019
3.868044,-0.178755,3.868044
3.878995,-0.172894,3.878995
3.890030,-0.126007,3.890030
3.901023,-0.190476,3.901023
3.911547,-0.137729,3.911547
3.922554,-0.213919,3.922554
3.933685,-0.196337,3.933685
3.944549,-0.155311,3.944549
3.955123,-0.172894,3.955123
3.966137,-0.143590,3.966137
3.977191,-0.143590,3.977191
3.988138,-0.196337,3.988138
3.999111,-0.184615,3.999111
4.010091,-0.196337,4.010091
4.021110,-0.184615,4.021110
4.031591,-0.114286,4.031591
4.042365,-0.137729,4.042365
4.053130,-0.114286,4.053130
4.064160,-0.161172,4.064160
4.074638,-0.278388,4.074638
4.085803,-0.213919,4.085803
4.096657,-0.202198,4.096657
4.107745,-0.178755,4.107745
4.118631,-0.102564,4.118631
4.129211,-0.137729,4.129211
4.140200,-0.137729,4.140200
4.151175,-0.178755,4.151175
4.161780,-0.249084,4.161780
4.172239,-0.202198,4.172239
4.182792,-0.161172,4.182792
4.193357,-0.131868,4.193357
4.204390,-0.079121,4.204390
4.215410,-0.178755,4.215410
4.226487,-0.178755,4.226487
4.237420,-0.172894,4.237420
4.248324,-0.290110,4.248324
4.259340,-0.202198,4.259340
4.270358,-0.155311,4.270358
4.281099,-0.131868,4.281099
4.291730,-0.120147,4.291730
4.302269,-0.172894,4.302269
4.312781,-0.167033,4.312781
4.323814,-0.167033,4.323814
4.334378,-0.190476,4.334378
4.345334,-0.143590,4.345334
4.356283,-0.137729,4.356283
4.367362,-0.155311,4.367362
4.378382,-0.137729,4.378382
4.389455,-0.172894,4.389455
4.400440,-0.202198,4.400440
4.411524,-0.131868,4.411524
4.422829,-0.208059,4.422829
4.433836,-0.149451,4.433836
4.444289,-0.178755,4.444289
4.454759,-0.172894,4.454759
4.465769,-0.126007,4.465769
4.476781,-0.137729,4.476781
4.487798,-0.108425,4.487798
4.498835,-0.114286,4.498835
4.509828,-0.161172,4.509828
4.520500,-0.172894,4.520500
4.531584,-0.190476,4.531584
4.542020,-0.178755,4.542020
4.553099,-0.120147,4.553099
4.564115,-0.126007,4.564115
4.575169,-0.108425,4.575169
4.586020,-0.126007,4.586020
4.597088,-0.254945,4.597088
4.608040,-0.196337,4.608040
4.619054,-0.172894,4.619054
4.630062,-0.155311,4.630062
4.641258,-0.061538,4.641258
4.652043,-0.102564,4.652043
4.662717,-0.126007,4.662717
4.673167,-0.167033,4.673167
4.683755,-0.243223,4.683755
4.694340,-0.196337,4.694340
4.705286,-0.167033,4.705286
4.716309,-0.131868,4.716309
4.727259,-0.079121,4.727259
4.738378,-0.149451,4.738378
4.749305,-0.149451,4.749305
4.760311,-0.143590,4.760311
4.771292,-0.260806,4.771292
4.781803,-0.167033,4.781803
4.792315,-0.114286,4.792315
4.802906,-0.084982,4.802906
4.814356,-0.096703,4.814356
4.824766,-0.172894,4.824766
4.835760,-0.167033,4.835760
4.846775,-0.167033,4.846775
4.857777,-0.196337,4.857777
4.868757,-0.143590,4.868757
4.879231,-0.131868,4.879231
4.890254,-0.137729,4.890254
4.901495,-0.114286,4.901495
4.912264,-0.161172,4.912264
4.922794,-0.172894,4.922794
4.933468,-0.096703,4.933468
4.944360,-0.161172,4.944360
4.955484,-0.108425,4.955484
4.966352,-0.178755,4.966352
4.977374,-0.161172,4.977374
4.988400,-0.126007,4.988400
4.999382,-0.143590,4.999382
5.010394,-0.120147,5.010394
5.021381,-0.126007,5.021381
5.031894,-0.167033,5.031894
5.042405,-0.161172,5.042405
5.052886,-0.172894,5.052886
5.063922,-0.155311,5.063922
5.074373,-0.090842,5.074373
5.084914,-0.096703,5.084914
5.096001,-0.090842,5.096001
5.106936,-0.114286,5.106936
5.117922,-0.249084,5.117922
5.128949,-0.196337,5.128949
5.139949,-0.172894,5.139949
5.150609,-0.167033,5.150609
5.161302,-0.090842,5.161302
5.172090,-0.114286,5.172090
5.182684,-0.108425,5.182684
5.193685,-0.149451,5.193685
5.204930,-0.219780,5.204930
5.215958,-0.178755,5.215958
5.226934,-0.137729,5.226934
5.237927,-0.108425,5.237927
5.248939,-0.061538,5.248939
5.259592,-0.143590,5.259592
5.270233,-0.167033,5.270233
5.280838,-0.149451,5.280838
5.291712,-0.243223,5.291712
5.302258,-0.219780,5.302258
5.312776,-0.131868,5.312776
5.323277,-0.131868,5.323277
5.334325,-0.090842,5.334325
5.345213,-0.143590,5.345213
5.356232,-0.167033,5.356232
5.367261,-0.149451,5.367261
5.378433,-0.161172,5.378433
5.389197,-0.126007,5.389197
5.400248,-0.114286,5.400248
5.411052,-0.131868,5.411052
5.422370,-0.120147,5.422370
5.432886,-0.143590,5.432886
5.443437,-0.219780,5.443437
5.454003,-0.137729,5.454003
5.464933,-0.172894,5.464933
5.475989,-0.184615,5.475989
5.486960,-0.143590,5.486960
5.497936,-0.184615,5.497936
5.508917,-0.131868,5.508917
5.519860,-0.120147,5.519860
5.530603,-0.114286,5.530603
5.541209,-0.108425,5.541209
5.552158,-0.155311,5.552158
5.563183,-0.161172,5.563183
5.574253,-0.172894,5.574253
5.584693,-0.178755,5.584693
5.595778,-0.155311,5.595778
5.606758,-0.114286,5.606758
5.617784,-0.143590,5.617784
5.628867,-0.108425,5.628867
5.639213,-0.213919,5.639213
5.650289,-0.213919,5.650289
5.661458,-0.167033,5.661458
5.671927,-0.184615,5.671927
5.682523,-0.102564,5.682523
5.692981,-0.079121,5.692981
5.704093,-0.096703,5.704093
5.715046,-0.143590,5.715046
5.725990,-0.208059,5.725990
5.737127,-0.219780,5.737127
5.748112,-0.184615,5.748112
5.759007,-0.161172,5.759007
5.769535,-0.102564,5.769535
5.780542,-0.102564,5.780542
5.791643,-0.184615,5.791643
5.802240,-0.149451,5.802240
5.812991,-0.190476,5.812991
5.824001,-0.254945,5.824001
5.834492,-0.126007,5.834492
5.845058,-0.120147,5.845058
5.856062,-0.084982,5.856062
5.867269,-0.143590,5.867269
5.878061,-0.196337,5.878061
5.889081,-0.172894,5.889081
5.899612,-0.178755,5.899612
5.910630,-0.178755,5.910630
5.921642,-0.143590,5.921642
5.932086,-0.149451,5.932086
5.943107,-0.143590,5.943107
5.954197,-0.131868,5.954197
5.964606,-0.196337,5.964606
5.975272,-0.143590,5.975272
5.986136,-0.137729,5.986136
5.997158,-0.172894,5.997158
6.008209,-0.137729,6.008209
6.019178,-0.219780,6.019178
6.029666,-0.178755,6.029666
6.040871,-0.161172,6.040871
6.051694,-0.178755,6.051694
6.062354,-0.137729,6.062354
6.072670,-0.172894,6.072670
6.083189,-0.196337,6.083189
6.094480,-0.190476,6.094480
6.105148,-0.202198,6.105148
6.116244,-0.178755,6.116244
6.127226,-0.090842,6.127226
6.138324,-0.126007,6.138324
6.149258,-0.096703,6.149258
6.160388,-0.208059,6.160388
6.171251,-0.208059,6.171251
6.181764,-0.184615,6.181764
6.192270,-0.213919,6.192270
6.203361,-0.149451,6.203361
6.214405,-0.114286,6.214405
6.224748,-0.143590,6.224748
6.235774,-0.149451,6.235774
6.246751,-0.178755,6.246751
6.257812,-0.243223,6.257812
6.268546,-0.196337,6.268546
6.279261,-0.155311,6.279261
6.290292,-0.096703,6.290292
6.301317,-0.079121,6.301317
6.311885,-0.190476,6.311885
6.322341,-0.161172,6.322341
6.332796,-0.178755,6.332796
6.343956,-0.284249,6.343956
6.354308,-0.190476,6.354308
6.364859,-0.167033,6.364859
6.375851,-0.143590,6.375851
6.387145,-0.126007,6.387145
6.397901,-0.172894,6.397901
6.408853,-0.149451,6.408853
6.419383,-0.155311,6.419383
6.430379,-0.190476,6.430379
6.441630,-0.137729,6.441630
6.452346,-0.137729,6.452346
6.462998,-0.143590,6.462998
6.473975,-0.131868,6.473975
6.484469,-0.184615,6.484469
6.495563,-0.196337,6.495563
6.506076,-0.137729,6.506076
6.517046,-0.213919,6.517046
6.528217,-0.161172,6.528217
6.539112,-0.184615,6.539112
6.550127,-0.178755,6.550127
6.561018,-0.126007,6.561018
6.571939,-0.137729,6.571939
6.582385,-0.108425,6.582385
6.593013,-0.120147,6.593013
6.603883,-0.161172,6.603883
6.614442,-0.178755,6.614442
6.624889,-0.196337,6.624889
6.635904,-0.184615,6.635904
6.646935,-0.137729,6.646935
6.657898,-0.126007,6.657898
6.668876,-0.131868,6.668876
6.679411,-0.131868,6.679411
6.690470,-0.254945,6.690470
6.701702,-0.208059,6.701702
6.712488,-0.178755,6.712488
6.723003,-0.161172,6.723003
6.734122,-0.079121,6.734122
6.744516,-0.096703,6.744516
6.755016,-0.114286,6.755016
6.766039,-0.161172,6.766039
6.777198,-0.243223,6.777198
6.788088,-0.208059,6.788088
6.798970,-0.172894,6.798970
6.810095,-0.143590,6.810095
6.821061,-0.090842,6.821061
6.832091,-0.143590,6.832091
6.842695,-0.167033,6.842695
6.853101,-0.149451,6.853101
6.864122,-0.243223,6.864122
6.874852,-0.202198,6.874852
6.885679,-0.120147,6.885679
6.896663,-0.108425,6.896663
6.907363,-0.096703,6.907363
6.918151,-0.161172,6.918151
6.929313,-0.172894,6.929313
6.939810,-0.172894,6.939810
6.950827,-0.190476,6.950827
6.961937,-0.149451,6.961937
6.972808,-0.143590,6.972808
6.983502,-0.137729,6.983502
6.994287,-0.120147,6.994287
7.004795,-0.143590,7.004795
7.015448,-0.196337,7.015448
7.026322,-0.114286,7.026322
7.037463,-0.172894,7.037463
7.048348,-0.126007,7.048348
7.059454,-0.161172,7.059454
7.070386,-0.167033,7.070386
7.081521,-0.126007,7.081521
7.092376,-0.149451,7.092376
7.102899,-0.126007,7.102899
7.113919,-0.126007,7.113919
7.124544,-0.190476,7.124544
7.135174,-0.167033,7.135174
7.145974,-0.167033,7.145974
7.157106,-0.161172,7.157106
7.167971,-0.114286,7.167971
7.179049,-0.084982,7.179049
7.189642,-0.096703,7.189642
7.200564,-0.108425,7.200564
7.211526,-0.249084,7.211526
7.222151,-0.196337,7.222151
7.233056,-0.167033,7.233056
7.244069,-0.190476,7.244069
7.254648,-0.102564,7.254648
7.265067,-0.108425,7.265067
7.276061,-0.120147,7.276061
7.287038,-0.155311,7.287038
7.298071,-0.208059,7.298071
7.308694,-0.184615,7.308694
7.319623,-0.149451,7.319623
7.330601,-0.114286,7.330601
7.341640,-0.061538,7.341640
7.352120,-0.126007,7.352120
7.362964,-0.178755,7.362964
7.380237,-0.149451,7.380237
7.391213,-0.278388,7.391213
7.402510,-0.161172,7.402510
7.413273,-0.149451,7.413273
7.424252,-0.102564,7.424252
7.434777,-0.126007,7.434777
7.445314,-0.178755,7.445314
7.456373,-0.149451,7.456373
7.467386,-0.149451,7.467386
7.478261,-0.143590,7.478261
7.489265,-0.108425,7.489265
7.499971,-0.114286,7.499971
7.511017,-0.131868,7.511017
7.522146,-0.126007,7.522146
7.533284,-0.184615,7.533284
7.544197,-0.184615,7.544197
7.554962,-0.131868,7.554962
7.566000,-0.190476,7.566000
7.576935,-0.131868,7.576935
7.588092,-0.190476,7.588092
7.598926,-0.161172,7.598926
7.609446,-0.126007,7.609446
7.620556,-0.131868,7.620556
7.631438,-0.096703,7.631438
7.642227,-0.126007,7.642227
7.652980,-0.137729,7.652980
7.663954,-0.161172,7.663954
7.674466,-0.190476,7.674466
7.684960,-0.172894,7.684960
7.695967,-0.108425,7.695967
7.707019,-0.131868,7.707019
7.717494,-0.108425,7.717494
7.728511,-0.149451,7.728511
7.739485,-0.249084,7.739485
7.750518,-0.184615,7.750518
7.761635,-0.184615,7.761635
7.772045,-0.131868,7.772045
7.782556,-0.073260,7.782556
7.793074,-0.096703,7.793074
7.804081,-0.114286,7.804081
7.814793,-0.161172,7.814793
7.825619,-0.237363,7.825619
7.836581,-0.190476,7.836581
7.847591,-0.167033,7.847591
7.858564,-0.137729,7.858564
7.869653,-0.090842,7.869653
7.880809,-0.161172,7.880809
7.891729,-0.155311,7.891729
7.902157,-0.149451,7.902157
7.912611,-0.249084,7.912611
7.923908,-0.172894,7.923908
7.934781,-0.120147,7.934781
7.945109,-0.090842,7.945109
7.956150,-0.108425,7.956150
7.967254,-0.167033,7.967254
7.978147,-0.161172,7.978147
7.989132,-0.172894,7.989132
7.999738,-0.202198,7.999738
8.011007,-0.167033,8.011007
8.021894,-0.155311,8.021894
8.032555,-0.149451,8.032555
8.043043,-0.126007,8.043043
8.054208,-0.155311,8.054208
8.064615,-0.178755,8.064615
8.075078,-0.108425,8.075078
8.086069,-0.178755,8.086069
8.097128,-0.120147,8.097128
8.108126,-0.172894,8.108126
8.119091,-0.172894,8.119091
8.129568,-0.126007,8.129568
8.140597,-0.143590,8.140597
8.151852,-0.131868,8.151852
8.162657,-0.131868,8.162657
8.173094,-0.196337,8.173094
8.184290,-0.184615,8.184290
8.194714,-0.184615,8.194714
8.205247,-0.178755,8.205247
8.216255,-0.114286,8.216255
8.227391,-0.102564,8.227391
8.238307,-0.090842,8.238307
8.249251,-0.114286,8.249251
8.259754,-0.254945,8.259754
8.270768,-0.202198,8.270768
8.281946,-0.172894,8.281946
8.292733,-0.172894,8.292733
8.303259,-0.096703,8.303259
8.314300,-0.120147,8.314300
8.324772,-0.120147,8.324772
8.335477,-0.161172,8.335477
8.346341,-0.231502,8.346341
8.357337,-0.196337,8.357337
8.368359,-0.155311,8.368359
8.379379,-0.126007,8.379379
8.389886,-0.073260,8.389886
8.401017,-0.120147,8.401017
8.411401,-0.172894,8.411401
8.422495,-0.149451,8.422495
8.433010,-0.243223,8.433010
8.444052,-0.231502,8.444052
8.454661,-0.231502,8.454661
8.465426,-0.149451,8.465426
8.475967,-0.096703,8.475967
8.486935,-0.137729,8.486935
8.497949,-0.178755,8.497949
8.508671,-0.161172,8.508671
8.519084,-0.167033,8.519084
8.530199,-0.131868,8.530199
8.541191,-0.108425,8.541191
8.552203,-0.126007,8.552203
8.563022,-0.120147,8.563022
8.574496,-0.131868,8.574496
8.585363,-0.225641,8.585363
8.596358,-0.137729,8.596358
8.607371,-0.190476,8.607371
8.618302,-0.167033,8.618302
8.629299,-0.149451,8.629299
8.640532,-0.178755,8.640532
8.651363,-0.120147,8.651363
8.662265,-0.120147,8.662265
8.672812,-0.108425,8.672812
8.683320,-0.102564,8.683320
8.694490,-0.155311,8.694490
8.704851,-0.155311,8.704851
8.715873,-0.161172,8.715873
8.726851,-0.172894,8.726851
8.738004,-0.137729,8.738004
8.748874,-0.108425,8.748874
8.759835,-0.149451,8.759835
8.770840,-0.114286,8.770840
8.781804,-0.231502,8.781804
8.792364,-0.225641,8.792364
8.802841,-0.161172,8.802841
8.813278,-0.184615,8.813278
8.823882,-0.084982,8.823882
8.834351,-0.073260,8.834351
8.844900,-0.090842,8.844900
8.855864,-0.143590,8.855864
8.866836,-0.196337,8.866836
8.877897,-0.202198,8.877897
8.888900,-0.167033,8.888900
8.899879,-0.143590,8.899879
8.910896,-0.096703,8.910896
8.922045,-0.108425,8.922045
8.932885,-0.184615,8.932885
8.943970,-0.155311,8.943970
8.954407,-0.202198,8.954407
8.965434,-0.243223,8.965434
8.975919,-0.126007,8.975919
8.986950,-0.102564,8.986950
8.997954,-0.073260,8.997954
9.008962,-0.126007,9.008962
9.019943,-0.178755,9.019943
9.030629,-0.161172,9.030629
9.041319,-0.178755,9.041319
9.052364,-0.161172,9.052364
9.062952,-0.131868,9.062952
9.073460,-0.137729,9.073460
9.084495,-0.126007,9.084495
9.095478,-0.126007,9.095478
9.106559,-0.196337,9.106559
9.117567,-0.114286,9.117567
9.128535,-0.149451,9.128535
9.139560,-0.126007,9.139560
9.150589,-0.131868,9.150589
9.161688,-0.172894,9.161688
9.172508,-0.120147,9.172508
9.183103,-0.131868,9.183103
9.194077,-0.149451,9.194077
9.204589,-0.120147,9.204589
9.215330,-0.167033,9.215330
9.226664,-0.161172,9.226664
9.237143,-0.155311,9.237143
9.247772,-0.167033,9.247772
9.258678,-0.131868,9.258678
9.269686,-0.067399,9.269686
9.280915,-0.102564,9.280915
9.291657,-0.084982,9.291657
9.302190,-0.208059,9.302190
9.312707,-0.213919,9.312707
9.323204,-0.155311,9.323204
9.334353,-0.196337,9.334353
9.344760,-0.108425,9.344760
9.355194,-0.096703,9.355194
9.366243,-0.131868,9.366243
9.376790,-0.143590,9.376790
9.387432,-0.172894,9.387432
9.398342,-0.202198,9.398342
9.408799,-0.155311,9.408799
9.419351,-0.120147,9.419351
9.430326,-0.073260,9.430326
9.441676,-0.067399,9.441676
9.452483,-0.172894,9.452483
9.462794,-0.137729,9.462794
9.473354,-0.155311,9.473354
9.484325,-0.260806,9.484325
9.495523,-0.149451,9.495523
9.506120,-0.137729,9.506120
9.517201,-0.108425,9.517201
9.528367,-0.120147,9.528367
9.539379,-0.172894,9.539379
9.550205,-0.143590,9.550205
9.561659,-0.143590,9.561659
9.572217,-0.143590,9.572217
9.582917,-0.096703,9.582917
9.593461,-0.102564,9.593461
9.605019,-0.120147,9.605019
9.615479,-0.126007,9.615479
9.625991,-0.178755,9.625991
9.636775,-0.155311,9.636775
9.647290,-0.126007,9.647290
9.658003,-0.190476,9.658003
9.669120,-0.126007,9.669120
9.680547,-0.137729,9.680547
9.691130,-0.219780,9.691130
9.701648,-0.178755,9.701648
9.713073,-0.149451,9.713073
9.713393,-0.137729,9.713393
9.723885,-0.131868,9.723885
9.734669,-0.043956,9.734669
9.745482,-0.079121,9.745482
9.756169,-0.084982,9.756169
9.767179,-0.084982,9.767179
9.777517,-0.084982,9.777517
9.788916,-0.084982,9.788916
9.799824,-0.084982,9.799824
9.810425,-0.084982,9.810425
9.821090,-0.084982,9.821090
9.831714,-0.084982,9.831714
9.842386,-0.090842,9.842386
9.853198,-0.084982,9.853198
9.863798,-0.084982,9.863798
9.874348,-0.084982,9.874348
9.885024,-0.084982,9.885024
9.896576,-0.084982,9.896576
9.907764,-0.084982,9.907764
9.918721,-0.084982,9.918721
9.929673,-0.084982,9.929673
9.940804,-0.090842,9.940804
9.951797,-0.084982,9.951797
9.962495,-0.084982,9.962495
9.973041,-0.084982,9.973041
9.984044,-0.084982,9.984044
9.994567,-0.084982,9.994567
10.005089,-0.084982,10.005089
10.016529,-0.084982,10.016529
10.027999,-0.084982,10.027999
10.039039,-0.084982,10.039039
10.050225,-0.084982,10.050225
10.061084,-0.084982,10.061084
10.072288,-0.084982,10.072288
10.082714,-0.084982,10.082714
10.093277,-0.084982,10.093277
10.104257,-0.084982,10.104257
10.114800,-0.084982,10.114800
10.125553,-0.084982,10.125553
10.136828,-0.084982,10.136828
10.147882,-0.084982,10.147882
10.158853,-0.084982,10.158853
10.169806,-0.084982,10.169806
10.180807,-0.084982,10.180807
10.191791,-0.090842,10.191791
10.202304,-0.084982,10.202304
10.212810,-0.084982,10.212810
10.223317,-0.084982,10.223317
10.234476,-0.084982,10.234476
10.244948,-0.084982,10.244948
10.255431,-0.084982,10.255431
10.265858,-0.084982,10.265858
10.277034,-0.084982,10.277034
10.287849,-0.084982,10.287849
10.298884,-0.084982,10.298884
10.310009,-0.084982,10.310009
10.320484,-0.084982,10.320484
10.330884,-0.084982,10.330884
10.341982,-0.084982,10.341982
10.352465,-0.084982,10.352465
10.363457,-0.084982,10.363457
10.374732,-0.084982,10.374732
10.385602,-0.084982,10.385602
10.396610,-0.090842,10.396610
10.407612,-0.084982,10.407612
10.418640,-0.084982,10.418640
10.429124,-0.084982,10.429124
10.440182,-0.084982,10.440182
10.451207,-0.084982,10.451207
10.462182,-0.084982,10.462182
10.473140,-0.084982,10.473140
10.484191,-0.084982,10.484191
10.494921,-0.084982,10.494921
10.505663,-0.084982,10.505663
10.516266,-0.084982,10.516266
10.526976,-0.090842,10.526976
10.538510,-0.084982,10.538510
10.548919,-0.084982,10.548919
10.559892,-0.084982,10.559892
10.570931,-0.084982,10.570931
10.581933,-0.084982,10.581933
10.592947,-0.084982,10.592947
10.603935,-0.084982,10.603935
10.615156,-0.084982,10.615156
10.625971,-0.084982,10.625971
10.637132,-0.084982,10.637132
10.647994,-0.084982,10.647994
10.658971,-0.084982,10.658971
10.669992,-0.084982,10.669992
10.681023,-0.084982,10.681023
10.691938,-0.084982,10.691938
10.702943,-0.084982,10.702943
10.714161,-0.084982,10.714161
10.724963,-0.084982,10.724963
10.735968,-0.084982,10.735968
10.747043,-0.084982,10.747043
10.757993,-0.084982,10.757993
10.769004,-0.084982,10.769004
10.779965,-0.084982,10.779965
10.791003,-0.084982,10.791003
10.802031,-0.084982,10.802031
10.812461,-0.090842,10.812461
10.823065,-0.084982,10.823065
10.833999,-0.090842,10.833999
10.844485,-0.084982,10.844485
10.855196,-0.090842,10.855196
10.866064,-0.084982,10.866064
10.877043,-0.084982,10.877043
10.887998,-0.084982,10.887998
10.899033,-0.090842,10.899033
10.910051,-0.084982,10.910051
10.921114,-0.084982,10.921114
10.932247,-0.084982,10.932247
10.943001,-0.084982,10.943001
10.953996,-0.084982,10.953996
10.964671,-0.084982,10.964671
10.975179,-0.084982,10.975179
10.986173,-0.084982,10.986173
10.997211,-0.084982,10.997211
11.008020,-0.084982,11.008020
11.019032,-0.084982,11.019032
11.030025,-0.084982,11.030025
11.041115,-0.084982,11.041115
11.051995,-0.084982,11.051995
11.062525,-0.084982,11.062525
11.073106,-0.084982,11.073106
11.084018,-0.084982,11.084018
11.094671,-0.084982,11.094671
11.105014,-0.084982,11.105014
11.116030,-0.084982,11.116030
11.127059,-0.084982,11.127059
11.138193,-0.084982,11.138193
11.149072,-0.084982,11.149072
11.160032,-0.084982,11.160032
11.171070,-0.084982,11.171070
11.182080,-0.084982,11.182080
11.192572,-0.084982,11.192572
11.203094,-0.084982,11.203094
11.214086,-0.084982,11.214086
11.224592,-0.084982,11.224592
11.235131,-0.084982,11.235131
11.246206,-0.084982,11.246206
11.257124,-0.084982,11.257124
11.268243,-0.084982,11.268243
11.279119,-0.084982,11.279119
11.290139,-0.084982,11.290139
11.301138,-0.084982,11.301138
11.312163,-0.084982,11.312163
11.322639,-0.090842,11.322639
11.333182,-0.084982,11.333182
11.344197,-0.084982,11.344197
11.354727,-0.084982,11.354727
11.365216,-0.084982,11.365216
11.376225,-0.084982,11.376225
11.387379,-0.084982,11.387379
11.398252,-0.084982,11.398252
11.409260,-0.084982,11.409260
11.419924,-0.084982,11.419924
11.430846,-0.084982,11.430846
11.441945,-0.079121,11.441945
11.452227,-0.084982,11.452227
11.462793,-0.084982,11.462793
11.473298,-0.084982,11.473298
11.484341,-0.090842,11.484341
11.494968,-0.084982,11.494968
11.505313,-0.084982,11.505313
11.516373,-0.084982,11.516373
11.527542,-0.084982,11.527542
11.538378,-0.079121,11.538378
11.549423,-0.084982,11.549423
11.559941,-0.079121,11.559941
11.570892,-0.084982,11.570892
11.581898,-0.084982,11.581898
11.592896,-0.084982,11.592896
11.603357,-0.084982,11.603357
11.614559,-0.084982,11.614559
11.625362,-0.084982,11.625362
11.636366,-0.084982,11.636366
11.647347,-0.084982,11.647347
11.658430,-0.084982,11.658430
11.669686,-0.084982,11.669686
11.680908,-0.084982,11.680908
11.691897,-0.084982,11.691897
11.702397,-0.084982,11.702397
11.712908,-0.084982,11.712908
11.723407,-0.090842,11.723407
11.734502,-0.084982,11.734502
11.744911,-0.084982,11.744911
11.755948,-0.084982,11.755948
11.766941,-0.084982,11.766941
11.777981,-0.084982,11.777981
11.789025,-0.084982,11.789025
11.799933,-0.084982,11.799933
11.811080,-0.084982,11.811080
11.821975,-0.084982,11.821975
11.832451,-0.084982,11.832451
11.842963,-0.084982,11.842963
11.854010,-0.084982,11.854010
11.864479,-0.084982,11.864479
11.875009,-0.084982,11.875009
11.886058,-0.084982,11.886058
11.897011,-0.084982,11.897011
11.908132,-0.084982,11.908132
11.918986,-0.084982,11.918986
11.930025,-0.084982,11.930025
11.941037,-0.084982,11.941037
11.952000,-0.090842,11.952000
11.962600,-0.084982,11.962600
11.973017,-0.084982,11.973017
11.984034,-0.084982,11.984034
11.994529,-0.084982,11.994529
12.005057,-0.084982,12.005057
12.016260,-0.084982,12.016260
12.027423,-0.084982,12.027423
12.038092,-0.084982,12.038092
12.049144,-0.084982,12.049144
12.060146,-0.079121,12.060146
12.071201,-0.084982,12.071201
12.082132,-0.084982,12.082132
12.092614,-0.084982,12.092614
12.103119,-0.084982,12.103119
12.114128,-0.084982,12.114128
12.124627,-0.084982,12.124627
12.135275,-0.090842,12.135275
12.146276,-0.084982,12.146276
12.157162,-0.084982,12.157162
12.168153,-0.084982,12.168153
12.179178,-0.084982,12.179178
12.190183,-0.084982,12.190183
12.201368,-0.084982,12.201368
12.212209,-0.084982,12.212209
12.222644,-0.084982,12.222644
12.233145,-0.084982,12.233145
12.244176,-0.084982,12.244176
12.254827,-0.084982,12.254827
12.265216,-0.084982,12.265216
12.276376,-0.084982,12.276376
12.287244,-0.084982,12.287244
12.298282,-0.084982,12.298282
12.309488,-0.084982,12.309488
12.320205,-0.084982,12.320205
12.331268,-0.084982,12.331268
12.342200,-0.084982,12.342200
12.352833,-0.084982,12.352833
12.363259,-0.084982,12.363259
12.374388,-0.084982,12.374388
12.385261,-0.084982,12.385261
12.395784,-0.084982,12.395784
12.406401,-0.084982,12.406401
12.417253,-0.084982,12.417253
12.427848,-0.084982,12.427848
12.438440,-0.084982,12.438440
12.449282,-0.084982,12.449282
12.460293,-0.084982,12.460293
12.471304,-0.084982,12.471304
12.482388,-0.084982,12.482388
12.492769,-0.084982,12.492769
12.503321,-0.084982,12.503321
12.514405,-0.084982,12.514405
12.525390,-0.084982,12.525390
12.536232,-0.084982,12.536232
12.547664,-0.084982,12.547664
12.558452,-0.090842,12.558452
12.569408,-0.084982,12.569408
12.579942,-0.084982,12.579942
12.591000,-0.084982,12.591000
12.601927,-0.084982,12.601927
12.612443,-0.084982,12.612443
12.622915,-0.090842,12.622915
12.633440,-0.084982,12.633440
12.644432,-0.084982,12.644432
12.655060,-0.084982,12.655060
12.665471,-0.084982,12.665471
12.676474,-0.084982,12.676474
12.686977,-0.084982,12.686977
12.697531,-0.084982,12.697531
12.708155,-0.090842,12.708155
12.719078,-0.084982,12.719078
12.729662,-0.084982,12.729662
12.740140,-0.084982,12.740140
12.751143,-0.084982,12.751143
12.762445,-0.084982,12.762445
12.773133,-0.084982,12.773133
12.784124,-0.084982,12.784124
12.794631,-0.084982,12.794631
12.805262,-0.084982,12.805262
12.816268,-0.084982,12.816268
12.827305,-0.084982,12.827305
12.838180,-0.084982,12.838180
12.848691,-0.090842,12.848691
12.859230,-0.084982,12.859230
12.870276,-0.079121,12.870276
12.880822,-0.084982,12.880822
12.891288,-0.084982,12.891288
12.902333,-0.084982,12.902333
12.912773,-0.090842,12.912773
12.923284,-0.084982,12.923284
12.934368,-0.084982,12.934368
12.944783,-0.084982,12.944783
12.955409,-0.084982,12.955409
12.966366,-0.084982,12.966366
12.977932,-0.084982,12.977932
12.988473,-0.084982,12.988473
12.999331,-0.084982,12.999331
13.009852,-0.084982,13.009852
13.020402,-0.084982,13.020402
13.030926,-0.084982,13.030926
13.042081,-0.084982,13.042081
13.052493,-0.090842,13.052493
13.063160,-0.084982,13.063160
13.074151,-0.084982,13.074151
13.084537,-0.084982,13.084537
13.095439,-0.084982,13.095439
13.106079,-0.084982,13.106079
13.117118,-0.084982,13.117118
13.128055,-0.084982,13.128055
13.139240,-0.084982,13.139240
13.150229,-0.084982,13.150229
13.161316,-0.084982,13.161316
13.171742,-0.084982,13.171742
13.182811,-0.084982,13.182811
13.193272,-0.084982,13.193272
13.204772,-0.090842,13.204772
13.215864,-0.084982,13.215864
13.226245,-0.084982,13.226245
13.237205,-0.084982,13.237205
13.248210,-0.084982,13.248210
13.259217,-0.084982,13.259217
13.270209,-0.084982,13.270209
13.281616,-0.084982,13.281616
13.292319,-0.084982,13.292319
13.302732,-0.084982,13.302732
13.313331,-0.084982,13.313331
13.324235,-0.084982,13.324235
13.334852,-0.084982,13.334852
13.345269,-0.084982,13.345269
13.356273,-0.084982,13.356273
13.367348,-0.084982,13.367348
13.378325,-0.084982,13.378325
13.389419,-0.084982,13.389419
13.400377,-0.084982,13.400377
13.411298,-0.084982,13.411298
13.422293,-0.084982,13.422293
13.433060,-0.084982,13.433060
13.444340,-0.084982,13.444340
13.454997,-0.084982,13.454997
13.465474,-0.084982,13.465474
13.476369,-0.084982,13.476369
13.487403,-0.084982,13.487403
13.498379,-0.084982,13.498379
13.509612,-0.084982,13.509612
13.520411,-0.084982,13.520411
13.531475,-0.084982,13.531475
13.542371,-0.084982,13.542371
13.552938,-0.084982,13.552938
13.563380,-0.079121,13.563380
13.574576,-0.084982,13.574576
13.585616,-0.084982,13.585616
13.596431,-0.084982,13.596431
13.607415,-0.079121,13.607415
13.618481,-0.084982,13.618481
13.629406,-0.084982,13.629406
13.639970,-0.084982,13.639970
13.650384,-0.084982,13.650384
13.661103,-0.084982,13.661103
13.672074,-0.084982,13.672074
13.682662,-0.084982,13.682662
13.693081,-0.084982,13.693081
13.704097,-0.084982,13.704097
13.715036,-0.084982,13.715036
13.725548,-0.084982,13.725548
13.736076,-0.084982,13.736076
13.747119,-0.090842,13.747119
13.758318,-0.084982,13.758318
13.769082,-0.084982,13.769082
13.780281,-0.084982,13.780281
13.791083,-0.084982,13.791083
13.802120,-0.084982,13.802120
13.812584,-0.084982,13.812584
13.823075,-0.090842,13.823075
13.834134,-0.084982,13.834134
13.844584,-0.084982,13.844584
13.855298,-0.084982,13.855298
13.866146,-0.084982,13.866146
13.877206,-0.084982,13.877206
13.888149,-0.084982,13.888149
13.899152,-0.084982,13.899152
13.910112,-0.084982,13.910112
13.921272,-0.084982,13.921272
13.931748,-0.084982,13.931748
13.942255,-0.084982,13.942255
13.952733,-0.084982,13.952733
13.963388,-0.084982,13.963388
13.974582,-0.084982,13.974582
13.984996,-0.084982,13.984996
13.995537,-0.084982,13.995537
14.006696,-0.084982,14.006696
14.017544,-0.084982,14.017544
14.028622,-0.084982,14.028622
14.039587,-0.084982,14.039587
14.050070,-0.084982,14.050070
14.061074,-0.084982,14.061074
14.072150,-0.084982,14.072150
14.083104,-0.090842,14.083104
14.094243,-0.084982,14.094243
14.104624,-0.084982,14.104624
14.115144,-0.084982,14.115144
14.126160,-0.084982,14.126160
14.137129,-0.084982,14.137129
14.148212,-0.084982,14.148212
14.159102,-0.084982,14.159102
14.170127,-0.084982,14.170127
14.181109,-0.084982,14.181109
14.192115,-0.084982,14.192115
14.202616,-0.084982,14.202616
14.213387,-0.084982,14.213387
14.224196,-0.084982,14.224196
14.234674,-0.084982,14.234674
14.245187,-0.084982,14.245187
14.256425,-0.084982,14.256425
14.267418,-0.084982,14.267418
14.278304,-0.084982,14.278304
14.289322,-0.084982,14.289322
14.300317,-0.084982,14.300317
14.311318,-0.084982,14.311318
14.321924,-0.084982,14.321924
14.332852,-0.084982,14.332852
14.343412,-0.084982,14.343412
14.354395,-0.084982,14.354395
14.364976,-0.084982,14.364976
14.376167,-0.084982,14.376167
14.387005,-0.084982,14.387005
14.397671,-0.084982,14.397671
14.408482,-0.084982,14.408482
14.419478,-0.084982,14.419478
14.430476,-0.084982,14.430476
14.441498,-0.084982,14.441498
14.452419,-0.084982,14.452419
14.462985,-0.084982,14.462985
14.473438,-0.084982,14.473438
14.484436,-0.084982,14.484436
14.495099,-0.084982,14.495099
14.505485,-0.084982,14.505485
14.516068,-0.084982,14.516068
14.527268,-0.084982,14.527268
14.538312,-0.084982,14.538312
14.549191,-0.084982,14.549191
14.560150,-0.084982,14.560150
14.571188,-0.090842,14.571188
14.581668,-0.084982,14.581668
14.592122,-0.084982,14.592122
14.603037,-0.084982,14.603037
14.614089,-0.084982,14.614089
14.625041,-0.084982,14.625041
14.636051,-0.084982,14.636051
14.647057,-0.084982,14.647057
14.658060,-0.084982,14.658060
14.669026,-0.079121,14.669026
14.679993,-0.084982,14.679993
14.691054,-0.084982,14.691054
14.702109,-0.090842,14.702109
14.712552,-0.084982,14.712552
14.723080,-0.084982,14.723080
14.734081,-0.084982,14.734081
14.744584,-0.084982,14.744584
14.755102,-0.084982,14.755102
14.766062,-0.084982,14.766062
14.776607,-0.084982,14.776607
14.787221,-0.084982,14.787221
14.798220,-0.084982,14.798220
14.808748,-0.084982,14.808748
14.819292,-0.084982,14.819292
14.829784,-0.084982,14.829784
14.840329,-0.084982,14.840329
14.851303,-0.084982,14.851303
14.862307,-0.084982,14.862307
14.872990,-0.084982,14.872990
14.883495,-0.084982,14.883495
14.894509,-0.084982,14.894509
14.905020,-0.084982,14.905020
14.915502,-0.090842,14.915502
14.926646,-0.084982,14.926646
14.937016,-0.084982,14.937016
14.947630,-0.084982,14.947630
14.958570,-0.084982,14.958570
14.969067,-0.084982,14.969067
14.979588,-0.084982,14.979588
14.990090,-0.084982,14.990090
15.001262,-0.084982,15.001262
15.012102,-0.084982,15.012102
15.022586,-0.084982,15.022586
15.033097,-0.084982,15.033097
15.044105,-0.084982,15.044105
15.054723,-0.084982,15.054723
15.065122,-0.084982,15.065122
15.076125,-0.084982,15.076125
15.087136,-0.084982,15.087136
15.098155,-0.090842,15.098155
15.109169,-0.084982,15.109169
15.119637,-0.084982,15.119637
15.130271,-0.084982,15.130271
15.141279,-0.084982,15.141279
15.152302,-0.084982,15.152302
15.162777,-0.084982,15.162777
15.173264,-0.084982,15.173264
15.184323,-0.084982,15.184323
15.194807,-0.084982,15.194807
15.205348,-0.084982,15.205348
15.216499,-0.084982,15.216499
15.227432,-0.084982,15.227432
15.238359,-0.084982,15.238359
15.249365,-0.084982,15.249365
15.260339,-0.084982,15.260339
15.271005,-0.084982,15.271005
15.281470,-0.084982,15.281470
15.292362,-0.084982,15.292362
15.302905,-0.084982,15.302905
15.313438,-0.090842,15.313438
15.324436,-0.084982,15.324436
15.335071,-0.084982,15.335071
15.345986,-0.084982,15.345986
15.356492,-0.084982,15.356492
15.367146,-0.090842,15.367146
15.378102,-0.084982,15.378102
15.389211,-0.084982,15.389211
15.400138,-0.084982,15.400138
15.411532,-0.084982,15.411532
15.422356,-0.084982,15.422356
15.432842,-0.084982,15.432842
15.443518,-0.084982,15.443518
15.454517,-0.084982,15.454517
15.464909,-0.090842,15.464909
15.476023,-0.084982,15.476023
15.486913,-0.084982,15.486913
15.498106,-0.084982,15.498106
15.509067,-0.084982,15.509067
15.520063,-0.084982,15.520063
15.531348,-0.084982,15.531348
15.542164,-0.084982,15.542164
15.552695,-0.084982,15.552695
15.563179,-0.084982,15.563179
15.574307,-0.084982,15.574307
15.584671,-0.084982,15.584671
15.595226,-0.084982,15.595226
15.606224,-0.084982,15.606224
15.616735,-0.090842,15.616735
15.627496,-0.084982,15.627496
15.638260,-0.084982,15.638260
15.649234,-0.084982,15.649234
15.660242,-0.084982,15.660242
15.671265,-0.084982,15.671265
15.682477,-0.084982,15.682477
15.693232,-0.084982,15.693232
15.704265,-0.084982,15.704265
15.714777,-0.084982,15.714777
15.725300,-0.084982,15.725300
15.736283,-0.084982,15.736283
15.746761,-0.084982,15.746761
15.757353,-0.084982,15.757353
15.768364,-0.084982,15.768364
15.779544,-0.084982,15.779544
15.790376,-0.084982,15.790376
15.801491,-0.084982,15.801491
15.812399,-0.090842,15.812399
15.823374,-0.090842,15.823374
15.834391,-0.079121,15.834391
15.844866,-0.084982,15.844866
15.856226,-0.084982,15.856226
15.867552,-0.084982,15.867552
15.878435,-0.084982,15.878435
15.889392,-0.090842,15.889392
15.900421,-0.084982,15.900421
15.911422,-0.084982,15.911422
15.922143,-0.084982,15.922143
15.932923,-0.084982,15.932923
15.943533,-0.084982,15.943533
15.954117,-0.084982,15.954117
15.964660,-0.084982,15.964660
15.975300,-0.084982,15.975300
15.986151,-0.084982,15.986151
15.996664,-0.084982,15.996664
16.007206,-0.084982,16.007206
16.018222,-0.084982,16.018222
16.028794,-0.084982,16.028794
16.039266,-0.084982,16.039266
16.050248,-0.084982,16.050248
16.061432,-0.084982,16.061432
16.072275,-0.084982,16.072275
16.083242,-0.084982,16.083242
16.094339,-0.084982,16.094339
16.105608,-0.084982,16.105608
16.116725,-0.084982,16.116725
16.127277,-0.084982,16.127277
16.137801,-0.084982,16.137801
16.148388,-0.084982,16.148388
16.159359,-0.084982,16.159359
16.169869,-0.084982,16.169869
16.180425,-0.084982,16.180425
16.191421,-0.084982,16.191421
16.202168,-0.084982,16.202168
16.212646,-0.084982,16.212646
16.223208,-0.084982,16.223208
16.234218,-0.084982,16.234218
16.244814,-0.084982,16.244814
16.255274,-0.084982,16.255274
16.266232,-0.084982,16.266232
16.277231,-0.084982,16.277231
16.288516,-0.084982,16.288516
16.299514,-0.084982,16.299514
16.309884,-0.084982,16.309884
16.320374,-0.084982,16.320374
16.331401,-0.084982,16.331401
16.342426,-0.084982,16.342426
16.352888,-0.084982,16.352888
16.363409,-0.084982,16.363409
16.374519,-0.084982,16.374519
16.384965,-0.084982,16.384965
16.395476,-0.084982,16.395476
16.406457,-0.084982,16.406457
16.417430,-0.084982,16.417430
16.428531,-0.084982,16.428531
16.439455,-0.084982,16.439455
16.450440,-0.084982,16.450440
16.460951,-0.084982,16.460951
16.471470,-0.084982,16.471470
16.482753,-0.084982,16.482753
16.493431,-0.084982,16.493431
16.504498,-0.084982,16.504498
16.515612,-0.084982,16.515612
16.526711,-0.084982,16.526711
16.537661,-0.084982,16.537661
16.548759,-0.084982,16.548759
16.559977,-0.084982,16.559977
16.570644,-0.079121,16.570644
16.581124,-0.084982,16.581124
16.591820,-0.084982,16.591820
16.602695,-0.084982,16.602695
16.613087,-0.084982,16.613087
16.623740,-0.084982,16.623740
16.634187,-0.084982,16.634187
16.644760,-0.084982,16.644760
16.655407,-0.084982,16.655407
16.666256,-0.084982,16.666256
16.677283,-0.084982,16.677283
16.688290,-0.084982,16.688290
16.699272,-0.084982,16.699272
16.710273,-0.084982,16.710273
16.722789,-0.084982,16.722789
16.733241,-0.084982,16.733241
16.744293,-0.084982,16.744293
16.755256,-0.084982,16.755256
16.766325,-0.084982,16.766325
16.777339,-0.084982,16.777339
16.788389,-0.084982,16.788389
16.799286,-0.084982,16.799286
16.810351,-0.084982,16.810351
16.821328,-0.084982,16.821328
16.832364,-0.084982,16.832364
16.843309,-0.084982,16.843309
16.854410,-0.084982,16.854410
16.865357,-0.084982,16.865357
16.875840,-0.084982,16.875840
16.886323,-0.084982,16.886323
16.897385,-0.084982,16.897385
16.908497,-0.084982,16.908497
16.919471,-0.084982,16.919471
16.930465,-0.084982,16.930465
16.941459,-0.084982,16.941459
16.952422,-0.084982,16.952422
16.962962,-0.084982,16.962962
16.973440,-0.084982,16.973440
16.984451,-0.084982,16.984451
16.995067,-0.084982,16.995067
17.005476,-0.084982,17.005476
17.016465,-0.084982,17.016465
17.026941,-0.084982,17.026941
17.037503,-0.084982,17.037503
17.048527,-0.084982,17.048527
17.059882,-0.084982,17.059882
17.070597,-0.084982,17.070597
17.081584,-0.084982,17.081584
17.092556,-0.084982,17.092556
17.103079,-0.084982,17.103079
17.113548,-0.084982,17.113548
17.124537,-0.084982,17.124537
17.135267,-0.084982,17.135267
17.146569,-0.084982,17.146569
17.157104,-0.084982,17.157104
17.167615,-0.084982,17.167615
17.178622,-0.084982,17.178622
17.189590,-0.084982,17.189590
17.200574,-0.084982,17.200574
17.211585,-0.084982,17.211585
17.222622,-0.084982,17.222622
17.233108,-0.084982,17.233108
17.243769,-0.084982,17.243769
17.254789,-0.084982,17.254789
17.265151,-0.084982,17.265151
17.275787,-0.084982,17.275787
17.286652,-0.084982,17.286652
17.297171,-0.084982,17.297171
17.307831,-0.084982,17.307831
17.318683,-0.084982,17.318683
17.329731,-0.084982,17.329731
17.340812,-0.084982,17.340812
17.351697,-0.084982,17.351697
17.363006,-0.084982,17.363006
17.373837,-0.084982,17.373837
17.384358,-0.084982,17.384358
17.394826,-0.084982,17.394826
17.405431,-0.084982,17.405431
17.416626,-0.090842,17.416626
17.427598,-0.084982,17.427598
17.438398,-0.084982,17.438398
17.449114,-0.084982,17.449114
17.460455,-0.084982,17.460455
17.471444,-0.084982,17.471444
17.482438,-0.084982,17.482438
17.492898,-0.084982,17.492898
17.503438,-0.084982,17.503438
17.514539,-0.084982,17.514539
17.525094,-0.084982,17.525094
17.536501,-0.084982,17.536501
17.547711,-0.084982,17.547711
17.558774,-0.084982,17.558774
17.569592,-0.084982,17.569592
17.580603,-0.084982,17.580603
17.591556,-0.084982,17.591556
17.602599,-0.084982,17.602599
17.613068,-0.084982,17.613068
17.623586,-0.084982,17.623586
17.634632,-0.084982,17.634632
17.645099,-0.084982,17.645099
17.655723,-0.084982,17.655723
17.666622,-0.084982,17.666622
17.677162,-0.084982,17.677162
17.687717,-0.084982,17.687717
17.698868,-0.084982,17.698868
17.709477,-0.084982,17.709477
17.720884,-0.084982,17.720884
17.731554,-0.084982,17.731554
17.742540,-0.084982,17.742540
17.753090,-0.084982,17.753090
17.763566,-0.084982,17.763566
17.775016,-0.084982,17.775016
17.785545,-0.084982,17.785545
17.796423,-0.084982,17.796423
17.807637,-0.084982,17.807637
17.818815,-0.084982,17.818815
17.829776,-0.084982,17.829776
17.840530,-0.084982,17.840530
17.850941,-0.084982,17.850941
17.861479,-0.084982,17.861479
17.872095,-0.090842,17.872095
17.882675,-0.084982,17.882675
17.893578,-0.084982,17.893578
17.904587,-0.084982,17.904587
17.915574,-0.084982,17.915574
17.926810,-0.084982,17.926810
17.937593,-0.084982,17.937593
17.948712,-0.084982,17.948712
17.959657,-0.084982,17.959657
17.970615,-0.084982,17.970615
17.981627,-0.084982,17.981627
17.992621,-0.084982,17.992621
18.003619,-0.084982,18.003619
18.014789,-0.084982,18.014789
18.025908,-0.084982,18.025908
18.036612,-0.084982,18.036612
18.047613,-0.090842,18.047613
18.058725,-0.084982,18.058725
18.069795,-0.084982,18.069795
18.080647,-0.084982,18.080647
18.091639,-0.084982,18.091639
18.102643,-0.090842,18.102643
18.113643,-0.084982,18.113643
18.124775,-0.084982,18.124775
18.135760,-0.084982,18.135760
18.146630,-0.084982,18.146630
18.157636,-0.084982,18.157636
18.168653,-0.084982,18.168653
18.179691,-0.084982,18.179691
18.190634,-0.084982,18.190634
18.201779,-0.084982,18.201779
18.212640,-0.084982,18.212640
18.223678,-0.084982,18.223678
18.234800,-0.084982,18.234800
18.245163,-0.084982,18.245163
18.255729,-0.084982,18.255729
18.266715,-0.084982,18.266715
18.277709,-0.084982,18.277709
18.288681,-0.084982,18.288681
18.299719,-0.084982,18.299719
18.310798,-0.084982,18.310798
18.322049,-0.084982,18.322049
18.332935,-0.084982,18.332935
18.343485,-0.084982,18.343485
18.354034,-0.084982,18.354034
18.364649,-0.084982,18.364649
18.375676,-0.084982,18.375676
18.386132,-0.084982,18.386132
18.396571,-0.084982,18.396571
18.407120,-0.084982,18.407120
18.417606,-0.084982,18.417606
18.428626,-0.084982,18.428626
18.439610,-0.084982,18.439610
18.450605,-0.079121,18.450605
18.461638,-0.084982,18.461638
18.472623,-0.084982,18.472623
18.483106,-0.084982,18.483106
18.493670,-0.084982,18.493670
18.504666,-0.084982,18.504666
18.515217,-0.084982,18.515217
18.525811,-0.084982,18.525811
18.536286,-0.084982,18.536286
18.547230,-0.084982,18.547230
18.557746,-0.084982,18.557746
18.568310,-0.084982,18.568310
18.579270,-0.084982,18.579270
18.590284,-0.090842,18.590284
18.600854,-0.084982,18.600854
18.611293,-0.084982,18.611293
18.622299,-0.084982,18.622299
18.633304,-0.084982,18.633304
18.644278,-0.090842,18.644278
18.654842,-0.084982,18.654842
18.665339,-0.084982,18.665339
18.676346,-0.084982,18.676346
18.687232,-0.084982,18.687232
18.698363,-0.090842,18.698363
18.708914,-0.084982,18.708914
18.719467,-0.090842,18.719467
18.730422,-0.084982,18.730422
18.741473,-0.084982,18.741473
18.752472,-0.084982,18.752472
18.762938,-0.084982,18.762938
18.773538,-0.084982,18.773538
18.784455,-0.084982,18.784455
18.794977,-0.084982,18.794977
18.805761,-0.090842,18.805761
18.816625,-0.084982,18.816625
18.827040,-0.084982,18.827040
18.838136,-0.084982,18.838136
18.848506,-0.084982,18.848506
18.859013,-0.084982,18.859013
18.869542,-0.090842,18.869542
18.880461,-0.084982,18.880461
18.891541,-0.090842,18.891541
18.902559,-0.090842,18.902559
18.913048,-0.090842,18.913048
18.923532,-0.084982,18.923532
18.934616,-0.084982,18.934616
18.945163,-0.084982,18.945163
18.955638,-0.084982,18.955638
18.966614,-0.084982,18.966614
18.977169,-0.084982,18.977169
18.987684,-0.084982,18.987684
18.998676,-0.084982,18.998676
19.009199,-0.084982,19.009199
19.019684,-0.084982,19.019684
19.030672,-0.084982,19.030672
19.041785,-0.084982,19.041785
19.052804,-0.084982,19.052804
19.063183,-0.084982,19.063183
19.073671,-0.084982,19.073671
19.084767,-0.084982,19.084767
19.095307,-0.084982,19.095307
19.106221,-0.084982,19.106221
19.117268,-0.084982,19.117268
19.127743,-0.084982,19.127743
19.138356,-0.084982,19.138356
19.149318,-0.079121,19.149318
19.159948,-0.084982,19.159948
19.170356,-0.084982,19.170356
19.180862,-0.084982,19.180862
19.191379,-0.084982,19.191379
19.202406,-0.084982,19.202406
19.213341,-0.084982,19.213341
19.224382,-0.084982,19.224382
19.234878,-0.084982,19.234878
19.245350,-0.079121,19.245350
19.256060,-0.084982,19.256060
19.266354,-0.084982,19.266354
19.277386,-0.084982,19.277386
19.288419,-0.090842,19.288419
19.299409,-0.084982,19.299409
19.310416,-0.084982,19.310416
19.320899,-0.084982,19.320899
19.331461,-0.084982,19.331461
19.342447,-0.084982,19.342447
19.352917,-0.084982,19.352917
19.363418,-0.084982,19.363418
19.374692,-0.084982,19.374692
19.385483,-0.084982,19.385483
19.396547,-0.084982,19.396547
19.407540,-0.084982,19.407540
19.418536,-0.084982,19.418536
19.429661,-0.090842,19.429661
19.440443,-0.084982,19.440443
19.450958,-0.084982,19.450958
19.461564,-0.084982,19.461564
19.472563,-0.084982,19.472563
19.483196,-0.084982,19.483196
19.493554,-0.084982,19.493554
19.504582,-0.084982,19.504582
19.515640,-0.084982,19.515640
19.526810,-0.084982,19.526810
19.537639,-0.084982,19.537639
19.548720,-0.084982,19.548720
19.559654,-0.084982,19.559654
19.570782,-0.084982,19.570782
19.581706,-0.084982,19.581706
19.592638,-0.084982,19.592638
19.603165,-0.084982,19.603165
19.613637,-0.084982,19.613637
19.624677,-0.084982,19.624677
19.635180,-0.084982,19.635180
19.645720,-0.084982,19.645720
19.656799,-0.084982,19.656799
19.667875,-0.084982,19.667875
19.678755,-0.084982,19.678755
19.689723,-0.084982,19.689723
19.700784,-0.084982,19.700784
19.711763,-0.084982,19.711763
19.722836,-0.084982,19.722836
19.733732,-0.084982,19.733732
19.744736,-0.079121,19.744736
19.755234,-0.084982,19.755234
19.765785,-0.084982,19.765785
19.776850,-0.090842,19.776850
19.787880,-0.084982,19.787880
19.798726,-0.084982,19.798726
19.810036,-0.084982,19.810036
19.820756,-0.084982,19.820756
19.831852,-0.084982,19.831852
19.842979,-0.084982,19.842979
19.853947,-0.084982,19.853947
19.864613,-0.084982,19.864613
19.875781,-0.079121,19.875781
19.886270,-0.084982,19.886270
19.896852,-0.084982,19.896852
19.907338,-0.084982,19.907338
19.918311,-0.084982,19.918311
19.929326,-0.084982,19.929326
19.940294,-0.084982,19.940294
19.950789,-0.084982,19.950789
19.961907,-0.084982,19.961907
19.972900,-0.084982,19.972900
19.983393,-0.084982,19.983393
19.993915,-0.084982,19.993915
20.004480,-0.079121,20.004480
20.015595,-0.084982,20.015595
20.026193,-0.084982,20.026193
20.036558,-0.084982,20.036558
20.047598,-0.084982,20.047598
20.058100,-0.084982,20.058100
20.068696,-0.084982,20.068696
20.079607,-0.084982,20.079607
20.090639,-0.084982,20.090639
20.101627,-0.079121,20.101627
20.112612,-0.084982,20.112612
20.123089,-0.084982,20.123089
20.133727,-0.084982,20.133727
20.144652,-0.084982,20.144652
20.155651,-0.090842,20.155651
20.166182,-0.084982,20.166182
20.176738,-0.084982,20.176738
20.187755,-0.084982,20.187755
20.198181,-0.084982,20.198181
20.208716,-0.084982,20.208716
20.219969,-0.084982,20.219969
20.230495,-0.084982,20.230495
20.241844,-0.084982,20.241844
20.252715,-0.084982,20.252715
20.263343,-0.084982,20.263343
20.274325,-0.084982,20.274325
20.285386,-0.079121,20.285386
20.296394,-0.084982,20.296394
20.307334,-0.084982,20.307334
20.317929,-0.084982,20.317929
20.328545,-0.084982,20.328545
20.339484,-0.084982,20.339484
20.350430,-0.084982,20.350430
20.361521,-0.084982,20.361521
20.372546,-0.084982,20.372546
20.383277,-0.084982,20.383277
20.393781,-0.084982,20.393781
20.404910,-0.084982,20.404910
20.415853,-0.084982,20.415853
20.426364,-0.084982,20.426364
20.437358,-0.084982,20.437358
20.448387,-0.084982,20.448387
20.458869,-0.084982,20.458869
20.469502,-0.079121,20.469502
20.480450,-0.084982,20.480450
20.492942,-0.084982,20.492942
20.503718,-0.084982,20.503718
20.514099,-0.084982,20.514099
20.524726,-0.084982,20.524726
20.536079,-0.084982,20.536079
20.546822,-0.084982,20.546822
20.557832,-0.084982,20.557832
20.568794,-0.084982,20.568794
20.579825,-0.084982,20.579825
20.590870,-0.084982,20.590870
20.601955,-0.084982,20.601955
20.612770,-0.084982,20.612770
20.623275,-0.084982,20.623275
20.633782,-0.084982,20.633782
20.644793,-0.084982,20.644793
20.655521,-0.084982,20.655521
20.666833,-0.084982,20.666833
20.677371,-0.084982,20.677371
20.688429,-0.084982,20.688429
20.699466,-0.084982,20.699466
20.710570,-0.084982,20.710570
20.721751,-0.084982,20.721751
20.732679,-0.084982,20.732679
20.743699,-0.084982,20.743699
20.754659,-0.084982,20.754659
20.765202,-0.084982,20.765202
20.775789,-0.084982,20.775789
20.786814,-0.084982,20.786814
20.797797,-0.084982,20.797797
20.808722,-0.084982,20.808722
20.819818,-0.084982,20.819818
20.830741,-0.084982,20.830741
20.841808,-0.084982,20.841808
20.852750,-0.079121,20.852750
20.863239,-0.084982,20.863239
20.873763,-0.084982,20.873763
20.884752,-0.084982,20.884752
20.895918,-0.084982,20.895918
20.906788,-0.084982,20.906788
20.917744,-0.084982,20.917744
20.928755,-0.084982,20.928755
20.939744,-0.084982,20.939744
20.950767,-0.084982,20.950767
20.961798,-0.084982,20.961798
20.973085,-0.084982,20.973085
20.983791,-0.084982,20.983791
20.994550,-0.084982,20.994550
21.005453,-0.084982,21.005453
21.016496,-0.084982,21.016496
21.027518,-0.079121,21.027518
21.038743,-0.084982,21.038743
21.049538,-0.084982,21.049538
21.060580,-0.090842,21.060580
21.070999,-0.084982,21.070999
21.081506,-0.084982,21.081506
21.092520,-0.084982,21.092520
21.103475,-0.084982,21.103475
21.114009,-0.090842,21.114009
21.125023,-0.084982,21.125023
21.135752,-0.084982,21.135752
21.146603,-0.084982,21.146603
21.157676,-0.084982,21.157676
21.168415,-0.084982,21.168415
21.179495,-0.084982,21.179495
21.190443,-0.084982,21.190443
21.201589,-0.084982,21.201589
21.212509,-0.084982,21.212509
21.223511,-0.084982,21.223511
21.234504,-0.084982,21.234504
21.245036,-0.084982,21.245036
21.255755,-0.084982,21.255755
21.266518,-0.084982,21.266518
21.277557,-0.084982,21.277557
21.288564,-0.084982,21.288564
21.299554,-0.084982,21.299554
21.310579,-0.084982,21.310579
21.321706,-0.084982,21.321706
21.332588,-0.084982,21.332588
21.343673,-0.084982,21.343673
21.354620,-0.084982,21.354620
21.365580,-0.084982,21.365580
21.376216,-0.084982,21.376216
21.387197,-0.084982,21.387197
21.398326,-0.084982,21.398326
21.409122,-0.084982,21.409122
21.420182,-0.084982,21.420182
21.430667,-0.084982,21.430667
21.441325,-0.084982,21.441325
21.452742,-0.084982,21.452742
21.463176,-0.084982,21.463176
21.473738,-0.084982,21.473738
21.484712,-0.084982,21.484712
21.495422,-0.084982,21.495422
21.506753,-0.084982,21.506753
21.517419,-0.084982,21.517419
21.528438,-0.084982,21.528438
21.539474,-0.084982,21.539474
21.550454,-0.084982,21.550454
21.561131,-0.084982,21.561131
21.572450,-0.090842,21.572450
21.583456,-0.084982,21.583456
21.594436,-0.084982,21.594436
21.604954,-0.084982,21.604954
21.615655,-0.084982,21.615655
21.626443,-0.084982,21.626443
21.637080,-0.084982,21.637080
21.647540,-0.084982,21.647540
21.658724,-0.084982,21.658724
21.669539,-0.084982,21.669539
21.680500,-0.084982,21.680500
21.691046,-0.084982,21.691046
21.702094,-0.084982,21.702094
21.713173,-0.084982,21.713173
21.723594,-0.084982,21.723594
21.734404,-0.084982,21.734404
21.745355,-0.084982,21.745355
21.756332,-0.084982,21.756332
21.767350,-0.084982,21.767350
21.777900,-0.084982,21.777900
21.788471,-0.084982,21.788471
21.799376,-0.084982,21.799376
21.810397,-0.084982,21.810397
21.820908,-0.084982,21.820908
21.831413,-0.084982,21.831413
21.842501,-0.084982,21.842501
21.853397,-0.084982,21.853397
21.864422,-0.084982,21.864422
21.874913,-0.084982,21.874913
21.885464,-0.084982,21.885464
21.896434,-0.084982,21.896434
21.906922,-0.084982,21.906922
21.917430,-0.084982,21.917430
21.928485,-0.084982,21.928485
21.939011,-0.084982,21.939011
21.949688,-0.084982,21.949688
21.960445,-0.084982,21.960445
21.971511,-0.084982,21.971511
21.982499,-0.084982,21.982499
21.993504,-0.090842,21.993504
22.004512,-0.084982,22.004512
22.015156,-0.079121,22.015156
22.025555,-0.084982,22.025555
22.036649,-0.084982,22.036649
22.047035,-0.084982,22.047035
22.057664,-0.084982,22.057664
22.068668,-0.084982,22.068668
22.079133,-0.084982,22.079133
22.089639,-0.084982,22.089639
22.100619,-0.084982,22.100619
22.111642,-0.084982,22.111642
22.122684,-0.084982,22.122684
22.133634,-0.084982,22.133634
22.144626,-0.084982,22.144626
22.155298,-0.084982,22.155298
22.166356,-0.084982,22.166356
22.176708,-0.084982,22.176708
22.187284,-0.084982,22.187284
22.197758,-0.084982,22.197758
22.208790,-0.084982,22.208790
22.219300,-0.084982,22.219300
22.229801,-0.084982,22.229801
22.240766,-0.084982,22.240766
22.251821,-0.084982,22.251821
22.262847,-0.084982,22.262847
22.273350,-0.079121,22.273350
22.283824,-0.084982,22.283824
22.295117,-0.084982,22.295117
22.305864,-0.084982,22.305864
22.316847,-0.084982,22.316847
22.327361,-0.084982,22.327361
22.337896,-0.084982,22.337896
22.348486,-0.084982,22.348486
22.359420,-0.084982,22.359420
22.370330,-0.084982,22.370330
22.380883,-0.084982,22.380883
22.391376,-0.084982,22.391376
22.401929,-0.084982,22.401929
22.412824,-0.084982,22.412824
22.423573,-0.084982,22.423573
22.434512,-0.084982,22.434512
22.444908,-0.084982,22.444908
22.455437,-0.084982,22.455437
22.466385,-0.079121,22.466385
22.477376,-0.084982,22.477376
22.488005,-0.084982,22.488005
22.498557,-0.084982,22.498557
22.509366,-0.084982,22.509366
22.520271,-0.084982,22.520271
22.530915,-0.084982,22.530915
22.541386,-0.084982,22.541386
22.552379,-0.084982,22.552379
22.563394,-0.084982,22.563394
22.574388,-0.084982,22.574388
22.584840,-0.084982,22.584840
22.595895,-0.084982,22.595895
22.606984,-0.084982,22.606984
22.617987,-0.084982,22.617987
22.629106,-0.084982,22.629106
22.640026,-0.084982,22.640026
22.651218,-0.084982,22.651218
22.662154,-0.084982,22.662154
22.673157,-0.084982,22.673157
22.683672,-0.084982,22.683672
22.694359,-0.084982,22.694359
22.704768,-0.084982,22.704768
22.716011,-0.084982,22.716011
22.726800,-0.084982,22.726800
22.737770,-0.084982,22.737770
22.748856,-0.084982,22.748856
22.759695,-0.079121,22.759695
22.770776,-0.084982,22.770776
22.781799,-0.084982,22.781799
22.792818,-0.084982,22.792818
22.803775,-0.084982,22.803775
22.814932,-0.084982,22.814932
22.825784,-0.084982,22.825784
22.836306,-0.084982,22.836306
22.846829,-0.079121,22.846829
22.857356,-0.084982,22.857356
22.867862,-0.084982,22.867862
22.878861,-0.084982,22.878861
22.889942,-0.084982,22.889942
22.901087,-0.084982,22.901087
22.911884,-0.084982,22.911884
22.922863,-0.084982,22.922863
22.933350,-0.084982,22.933350
22.943876,-0.084982,22.943876
22.954414,-0.084982,22.954414
22.965091,-0.084982,22.965091
22.976661,-0.084982,22.976661
22.987410,-0.084982,22.987410
22.998527,-0.084982,22.998527
23.009495,-0.084982,23.009495
23.020519,-0.084982,23.020519
23.031010,-0.084982,23.031010
23.041613,-0.084982,23.041613
23.052520,-0.084982,23.052520
23.063524,-0.084982,23.063524
23.074484,-0.084982,23.074484
23.084954,-0.084982,23.084954
23.095642,-0.084982,23.095642
23.106465,-0.084982,23.106465
23.117611,-0.084982,23.117611
23.128561,-0.084982,23.128561
23.139757,-0.084982,23.139757
23.150766,-0.084982,23.150766
23.161410,-0.084982,23.161410
23.172542,-0.084982,23.172542
23.183109,-0.084982,23.183109
23.193583,-0.084982,23.193583
23.204597,-0.084982,23.204597
23.215207,-0.084982,23.215207
23.225631,-0.084982,23.225631
23.236652,-0.084982,23.236652
23.247839,-0.084982,23.247839
23.258748,-0.084982,23.258748
23.269600,-0.084982,23.269600
23.280653,-0.084982,23.280653
23.291122,-0.084982,23.291122
23.301663,-0.084982,23.301663
23.312676,-0.084982,23.312676
23.323646,-0.084982,23.323646
23.334668,-0.084982,23.334668
23.345185,-0.084982,23.345185
23.355649,-0.084982,23.355649
23.366689,-0.084982,23.366689
23.377723,-0.084982,23.377723
23.388799,-0.084982,23.388799
23.399717,-0.084982,23.399717
23.410698,-0.084982,23.410698
23.421201,-0.084982,23.421201
23.431720,-0.084982,23.431720
23.442683,-0.084982,23.442683
23.453659,-0.084982,23.453659
23.464217,-0.084982,23.464217
23.475220,-0.084982,23.475220
23.485572,-0.084982,23.485572
23.496711,-0.084982,23.496711
23.507610,-0.084982,23.507610
23.518631,-0.084982,23.518631
23.529722,-0.084982,23.529722
23.540669,-0.084982,23.540669
23.551100,-0.084982,23.551100
23.561680,-0.084982,23.561680
23.572627,-0.084982,23.572627
23.583142,-0.084982,23.583142
23.593662,-0.084982,23.593662
23.604190,-0.084982,23.604190
23.614704,-0.084982,23.614704
23.625242,-0.084982,23.625242
23.635724,-0.084982,23.635724
23.646828,-0.084982,23.646828
23.657743,-0.090842,23.657743
23.668792,-0.084982,23.668792
23.679190,-0.084982,23.679190
23.689828,-0.084982,23.689828
23.700768,-0.084982,23.700768
23.711318,-0.084982,23.711318
23.721820,-0.084982,23.721820
23.732763,-0.084982,23.732763
23.743793,-0.084982,23.743793
23.754826,-0.084982,23.754826
23.765327,-0.084982,23.765327
23.775911,-0.084982,23.775911
23.786995,-0.084982,23.786995
23.797778,-0.084982,23.797778
23.808804,-0.084982,23.808804
23.819809,-0.084982,23.819809
23.830989,-0.084982,23.830989
23.841506,-0.084982,23.841506
23.851886,-0.084982,23.851886
23.862890,-0.084982,23.862890
23.873442,-0.084982,23.873442
23.883888,-0.090842,23.883888
23.894975,-0.084982,23.894975
23.905385,-0.084982,23.905385
23.915921,-0.084982,23.915921
23.926438,-0.084982,23.926438
23.937487,-0.084982,23.937487
23.948470,-0.084982,23.948470
23.960682,-0.084982,23.960682
23.971461,-0.084982,23.971461
23.982002,-0.090842,23.982002
23.992498,-0.084982,23.992498
24.003496,-0.084982,24.003496
24.014599,-0.084982,24.014599
24.025000,-0.084982,24.025000
24.035566,-0.084982,24.035566
24.046561,-0.084982,24.046561
24.057636,-0.084982,24.057636
24.068613,-0.084982,24.068613
24.079569,-0.084982,24.079569
24.090571,-0.084982,24.090571
24.101108,-0.084982,24.101108
24.112125,-0.084982,24.112125
24.122788,-0.084982,24.122788
24.133348,-0.084982,24.133348
24.143895,-0.084982,24.143895
24.154436,-0.084982,24.154436
24.164890,-0.084982,24.164890
24.176441,-0.084982,24.176441
24.186921,-0.084982,24.186921
24.197944,-0.084982,24.197944
24.208911,-0.084982,24.208911
24.219910,-0.084982,24.219910
24.230910,-0.084982,24.230910
24.241613,-0.084982,24.241613
24.252944,-0.084982,24.252944
24.263421,-0.084982,24.263421
24.274007,-0.084982,24.274007
24.284498,-0.084982,24.284498
24.295170,-0.084982,24.295170
24.305546,-0.084982,24.305546
24.316624,-0.084982,24.316624
24.327560,-0.084982,24.327560
24.338548,-0.084982,24.338548
24.349608,-0.084982,24.349608
24.360560,-0.084982,24.360560
24.371120,-0.084982,24.371120
24.381579,-0.084982,24.381579
24.392629,-0.084982,24.392629
24.403697,-0.084982,24.403697
24.414824,-0.084982,24.414824
24.425679,-0.084982,24.425679
24.436622,-0.084982,24.436622
24.447574,-0.084982,24.447574
24.458716,-0.084982,24.458716
24.469653,-0.084982,24.469653
24.480590,-0.084982,24.480590
24.491111,-0.084982,24.491111
24.501639,-0.090842,24.501639
24.512214,-0.084982,24.512214
24.522747,-0.079121,24.522747
24.533797,-0.084982,24.533797
24.544769,-0.084982,24.544769
24.555400,-0.084982,24.555400
24.565828,-0.084982,24.565828
24.577214,-0.084982,24.577214
24.587931,-0.084982,24.587931
24.598870,-0.084982,24.598870
24.609762,-0.090842,24.609762
24.620905,-0.090842,24.620905
24.631412,-0.084982,24.631412
24.641893,-0.084982,24.641893
24.652792,-0.084982,24.652792
24.663777,-0.084982,24.663777
24.674777,-0.084982,24.674777
24.685411,-0.084982,24.685411
24.695930,-0.084982,24.695930
24.706818,-0.084982,24.706818
24.717881,-0.084982,24.717881
24.729139,-0.084982,24.729139
24.739836,-0.084982,24.739836
24.750863,-0.084982,24.750863
24.761476,-0.084982,24.761476
24.771871,-0.084982,24.771871
24.782887,-0.084982,24.782887
24.793875,-0.084982,24.793875
24.804868,-0.084982,24.804868
24.815526,-0.084982,24.815526
24.825923,-0.084982,24.825923
24.836525,-0.084982,24.836525
24.847869,-0.084982,24.847869
24.858535,-0.084982,24.858535
24.869140,-0.084982,24.869140
24.879585,-0.084982,24.879585
24.890606,-0.084982,24.890606
24.901314,-0.090842,24.901314
24.912645,-0.084982,24.912645
24.923759,-0.084982,24.923759
24.934731,-0.084982,24.934731
24.945071,-0.084982,24.945071
24.955604,-0.084982,24.955604
24.966595,-0.084982,24.966595
24.977653,-0.084982,24.977653
24.988705,-0.084982,24.988705
24.999747,-0.084982,24.999747
25.010621,-0.084982,25.010621
25.021187,-0.084982,25.021187
25.031658,-0.090842,25.031658
25.042717,-0.084982,25.042717
25.053680,-0.084982,25.053680
25.064708,-0.084982,25.064708
25.075164,-0.079121,25.075164
25.085672,-0.084982,25.085672
25.096727,-0.084982,25.096727
25.107693,-0.084982,25.107693
25.118831,-0.084982,25.118831
25.129676,-0.084982,25.129676
25.140649,-0.084982,25.140649
25.151326,-0.084982,25.151326
25.161819,-0.084982,25.161819
25.172394,-0.090842,25.172394
25.182953,-0.084982,25.182953
25.193879,-0.084982,25.193879
25.204876,-0.084982,25.204876
25.215496,-0.084982,25.215496
25.225909,-0.084982,25.225909
25.236891,-0.084982,25.236891
25.247868,-0.084982,25.247868
25.258888,-0.084982,25.258888
25.269952,-0.084982,25.269952
25.280896,-0.084982,25.280896
25.291418,-0.084982,25.291418
25.301923,-0.084982,25.301923
25.312915,-0.084982,25.312915
25.323964,-0.084982,25.323964
25.334981,-0.079121,25.334981
25.345507,-0.084982,25.345507
25.356016,-0.084982,25.356016
25.367229,-0.084982,25.367229
25.377921,-0.084982,25.377921
25.389047,-0.084982,25.389047
25.400077,-0.084982,25.400077
25.410989,-0.084982,25.410989
25.421519,-0.084982,25.421519
25.432229,-0.084982,25.432229
25.443225,-0.084982,25.443225
25.454009,-0.084982,25.454009
25.464645,-0.084982,25.464645
25.475637,-0.084982,25.475637
25.486633,-0.084982,25.486633
25.497637,-0.084982,25.497637
25.508802,-0.084982,25.508802
25.519819,-0.090842,25.519819
25.530589,-0.084982,25.530589
25.541057,-0.084982,25.541057
25.552102,-0.084982,25.552102
25.562653,-0.084982,25.562653
25.573622,-0.084982,25.573622
25.584168,-0.084982,25.584168
25.594702,-0.079121,25.594702
25.605159,-0.084982,25.605159
25.615824,-0.079121,25.615824
25.626684,-0.084982,25.626684
25.637681,-0.084982,25.637681
25.648731,-0.084982,25.648731
25.659671,-0.084982,25.659671
25.670715,-0.079121,25.670715
25.681376,-0.084982,25.681376
25.691791,-0.084982,25.691791
25.702765,-0.090842,25.702765
25.713773,-0.084982,25.713773
25.724967,-0.084982,25.724967
25.735874,-0.084982,25.735874
25.746725,-0.084982,25.746725
25.757734,-0.084982,25.757734
25.768731,-0.084982,25.768731
25.779767,-0.084982,25.779767
25.790817,-0.084982,25.790817
25.801485,-0.084982,25.801485
25.812843,-0.084982,25.812843
25.823848,-0.084982,25.823848
25.834797,-0.084982,25.834797
25.845310,-0.084982,25.845310
25.855938,-0.084982,25.855938
25.866843,-0.084982,25.866843
25.877853,-0.084982,25.877853
25.888836,-0.084982,25.888836
25.899874,-0.084982,25.899874
25.910869,-0.084982,25.910869
25.921502,-0.084982,25.921502
25.931891,-0.084982,25.931891
25.942859,-0.084982,25.942859
25.953885,-0.084982,25.953885
25.964874,-0.084982,25.964874
25.975535,-0.084982,25.975535
25.985913,-0.084982,25.985913
25.997008,-0.084982,25.997008
26.007903,-0.084982,26.007903
26.019059,-0.084982,26.019059
26.030025,-0.084982,26.030025
26.040898,-0.084982,26.040898
26.051469,-0.084982,26.051469
26.061977,-0.084982,26.061977
26.072944,-0.084982,26.072944
26.083944,-0.084982,26.083944
26.095094,-0.084982,26.095094
26.105507,-0.084982,26.105507
26.115997,-0.084982,26.115997
26.127051,-0.084982,26.127051
26.138082,-0.084982,26.138082
26.149720,-0.084982,26.149720
26.160717,-0.084982,26.160717
26.171132,-0.084982,26.171132
26.182148,-0.084982,26.182148
26.192740,-0.084982,26.192740
26.203707,-0.084982,26.203707
26.214235,-0.084982,26.214235
26.224772,-0.090842,26.224772
26.235797,-0.084982,26.235797
26.246812,-0.084982,26.246812
26.257837,-0.084982,26.257837
26.268962,-0.084982,26.268962
26.279704,-0.084982,26.279704
26.290702,-0.084982,26.290702
26.301286,-0.084982,26.301286
26.311759,-0.084982,26.311759
26.322771,-0.084982,26.322771
26.333706,-0.084982,26.333706
26.344272,-0.084982,26.344272
26.354808,-0.084982,26.354808
26.367428,-0.084982,26.367428
26.378937,-0.084982,26.378937
26.389805,-0.084982,26.389805
26.400747,-0.084982,26.400747
26.411767,-0.084982,26.411767
26.422755,-0.084982,26.422755
26.433776,-0.084982,26.433776
26.444326,-0.084982,26.444326
26.455136,-0.084982,26.455136
26.465876,-0.084982,26.465876
26.476934,-0.084982,26.476934
26.487900,-0.084982,26.487900
26.499117,-0.084982,26.499117
26.509960,-0.084982,26.509960
26.520950,-0.084982,26.520950
26.532094,-0.084982,26.532094
26.542600,-0.084982,26.542600
26.553121,-0.084982,26.553121
26.563939,-0.084982,26.563939
26.574271,-0.084982,26.574271
26.584839,-0.084982,26.584839
26.595342,-0.079121,26.595342
26.605844,-0.084982,26.605844
26.616872,-0.084982,26.616872
26.627891,-0.084982,26.627891
26.638324,-0.084982,26.638324
26.648869,-0.084982,26.648869
26.659895,-0.090842,26.659895
26.670948,-0.084982,26.670948
26.681472,-0.084982,26.681472
26.692433,-0.084982,26.692433
26.703094,-0.084982,26.703094
26.714573,-0.084982,26.714573
26.725038,-0.084982,26.725038
26.735765,-0.084982,26.735765
26.746564,-0.084982,26.746564
26.757637,-0.084982,26.757637
26.768612,-0.084982,26.768612
26.779779,-0.084982,26.779779
26.790575,-0.084982,26.790575
26.801697,-0.084982,26.801697
26.812617,-0.084982,26.812617
26.823119,-0.084982,26.823119
26.833645,-0.084982,26.833645
26.844133,-0.084982,26.844133
26.854675,-0.084982,26.854675
26.865681,-0.084982,26.865681
26.876671,-0.084982,26.876671
26.887679,-0.084982,26.887679
26.898685,-0.084982,26.898685
26.909787,-0.084982,26.909787
26.920680,-0.084982,26.920680
26.931415,-0.084982,26.931415
26.942356,-0.084982,26.942356
26.952820,-0.084982,26.952820
26.963351,-0.084982,26.963351
26.973936,-0.084982,26.973936
26.984448,-0.084982,26.984448
26.995022,-0.084982,26.995022
27.006011,-0.084982,27.006011
27.017010,-0.084982,27.017010
27.028090,-0.084982,27.028090
27.039103,-0.084982,27.039103
27.050048,-0.084982,27.050048
27.060993,-0.084982,27.060993
27.071492,-0.084982,27.071492
27.082581,-0.084982,27.082581
27.093303,-0.084982,27.093303
27.103760,-0.084982,27.103760
27.114294,-0.084982,27.114294
27.124837,-0.084982,27.124837
27.136088,-0.084982,27.136088
27.147012,-0.084982,27.147012
27.157898,-0.084982,27.157898
27.168926,-0.084982,27.168926
27.179938,-0.084982,27.179938
27.190696,-0.084982,27.190696
27.201268,-0.084982,27.201268
27.211802,-0.084982,27.211802
27.222771,-0.084982,27.222771
27.233099,-0.084982,27.233099
27.244128,-0.084982,27.244128
27.254727,-0.084982,27.254727
27.265126,-0.084982,27.265126
27.275732,-0.084982,27.275732
27.286799,-0.084982,27.286799
27.297794,-0.084982,27.297794
27.309006,-0.084982,27.309006
27.319962,-0.084982,27.319962
27.331618,-0.084982,27.331618
27.342119,-0.084982,27.342119
27.353112,-0.084982,27.353112
27.363889,-0.084982,27.363889
27.374808,-0.084982,27.374808
27.385224,-0.084982,27.385224
27.395696,-0.084982,27.395696
27.406776,-0.084982,27.406776
27.417690,-0.079121,27.417690
27.428765,-0.084982,27.428765
27.440824,-0.084982,27.440824
27.451952,-0.084982,27.451952
27.462687,-0.084982,27.462687
27.473703,-0.084982,27.473703
27.484714,-0.084982,27.484714
27.495301,-0.084982,27.495301
27.505726,-0.084982,27.505726
27.516246,-0.084982,27.516246
27.526798,-0.084982,27.526798
27.537783,-0.084982,27.537783
27.549944,-0.079121,27.549944
27.561138,-0.084982,27.561138
27.572031,-0.084982,27.572031
27.582968,-0.084982,27.582968
27.593993,-0.084982,27.593993
27.604956,-0.084982,27.604956
27.615637,-0.084982,27.615637
27.626024,-0.084982,27.626024
27.637176,-0.084982,27.637176
27.648029,-0.084982,27.648029
27.659010,-0.084982,27.659010
27.670059,-0.084982,27.670059
27.681101,-0.084982,27.681101
27.691567,-0.084982,27.691567
27.702121,-0.084982,27.702121
27.713121,-0.084982,27.713121
27.724084,-0.084982,27.724084
27.735184,-0.079121,27.735184
27.746167,-0.084982,27.746167
27.756660,-0.084982,27.756660
27.767657,-0.084982,27.767657
27.778004,-0.084982,27.778004
27.789095,-0.084982,27.789095
27.800030,-0.084982,27.800030
27.811040,-0.084982,27.811040
27.821551,-0.084982,27.821551
27.832042,-0.084982,27.832042
27.843083,-0.084982,27.843083
27.854079,-0.084982,27.854079
27.865057,-0.084982,27.865057
27.875530,-0.084982,27.875530
27.886184,-0.084982,27.886184
27.897136,-0.090842,27.897136
27.908195,-0.084982,27.908195
27.919083,-0.084982,27.919083
27.930106,-0.084982,27.930106
27.941112,-0.084982,27.941112
27.951619,-0.084982,27.951619
27.962150,-0.084982,27.962150
27.973119,-0.084982,27.973119
27.984105,-0.084982,27.984105
27.995293,-0.084982,27.995293
28.006117,-0.084982,28.006117
28.016933,-0.084982,28.016933
28.028098,-0.084982,28.028098
28.038899,-0.084982,28.038899
28.049894,-0.084982,28.049894
28.060915,-0.084982,28.060915
28.071418,-0.084982,28.071418
28.082541,-0.084982,28.082541
28.092920,-0.084982,28.092920
28.104184,-0.090842,28.104184
28.115006,-0.084982,28.115006
28.126042,-0.084982,28.126042
28.137069,-0.084982,28.137069
28.148171,-0.084982,28.148171
28.159030,-0.084982,28.159030
28.169991,-0.084982,28.169991
28.181013,-0.084982,28.181013
28.191549,-0.084982,28.191549
28.202160,-0.084982,28.202160
28.213119,-0.084982,28.213119
28.223852,-0.084982,28.223852
28.234363,-0.079121,28.234363
28.245104,-0.084982,28.245104
28.256083,-0.084982,28.256083
28.266959,-0.084982,28.266959
28.277971,-0.084982,28.277971
28.288978,-0.084982,28.288978
28.300053,-0.084982,28.300053
28.310986,-0.084982,28.310986
28.321791,-0.090842,28.321791
28.332529,-0.084982,28.332529
28.343078,-0.084982,28.343078
28.353774,-0.084982,28.353774
28.364806,-0.084982,28.364806
28.375423,-0.084982,28.375423
28.385849,-0.084982,28.385849
28.396876,-0.084982,28.396876
28.407864,-0.084982,28.407864
28.418789,-0.084982,28.418789
28.429959,-0.084982,28.429959
28.440813,-0.084982,28.440813
28.451391,-0.084982,28.451391
28.461855,-0.084982,28.461855
28.472885,-0.084982,28.472885
28.483837,-0.084982,28.483837
28.495112,-0.084982,28.495112
28.505913,-0.084982,28.505913
28.516895,-0.084982,28.516895
28.527935,-0.084982,28.527935
28.538897,-0.084982,28.538897
28.550216,-0.084982,28.550216
28.560890,-0.084982,28.560890
28.571410,-0.084982,28.571410
28.581986,-0.084982,28.581986
28.592971,-0.084982,28.592971
28.603949,-0.084982,28.603949
28.614986,-0.084982,28.614986
28.625399,-0.084982,28.625399
28.635869,-0.084982,28.635869
28.646932,-0.084982,28.646932
28.658014,-0.079121,28.658014
28.668988,-0.084982,28.668988
28.679904,-0.084982,28.679904
28.690951,-0.084982,28.690951
28.701439,-0.084982,28.701439
28.712444,-0.084982,28.712444
28.723173,-0.084982,28.723173
28.733615,-0.084982,28.733615
28.744710,-0.084982,28.744710
28.755700,-0.084982,28.755700
28.766761,-0.084982,28.766761
28.777709,-0.084982,28.777709
28.788649,-0.084982,28.788649
28.799601,-0.084982,28.799601
28.810393,-0.084982,28.810393
28.821676,-0.084982,28.821676
28.832628,-0.084982,28.832628
28.843546,-0.084982,28.843546
28.854193,-0.084982,28.854193
28.864807,-0.084982,28.864807
28.875830,-0.084982,28.875830
28.887058,-0.084982,28.887058
28.898080,-0.084982,28.898080
28.909121,-0.084982,28.909121
28.920106,-0.084982,28.920106
28.931128,-0.079121,28.931128
28.942276,-0.084982,28.942276
28.955200,-0.084982,28.955200
28.965853,-0.084982,28.965853
28.976807,-0.084982,28.976807
28.987838,-0.084982,28.987838
28.998846,-0.079121,28.998846
29.009791,-0.084982,29.009791
29.020811,-0.084982,29.020811
29.031806,-0.084982,29.031806
29.042485,-0.084982,29.042485
29.053440,-0.084982,29.053440
29.064872,-0.084982,29.064872
29.076097,-0.084982,29.076097
29.087019,-0.084982,29.087019
29.098015,-0.084982,29.098015
29.109061,-0.084982,29.109061
29.120059,-0.084982,29.120059
29.130737,-0.084982,29.130737
29.141780,-0.084982,29.141780
29.152804,-0.084982,29.152804
29.163808,-0.090842,29.163808
29.174764,-0.084982,29.174764
29.185372,-0.084982,29.185372
29.195777,-0.084982,29.195777
29.206808,-0.084982,29.206808
29.217823,-0.084982,29.217823
29.228848,-0.084982,29.228848
29.239854,-0.084982,29.239854
29.250295,-0.084982,29.250295
29.260861,-0.084982,29.260861
29.271372,-0.084982,29.271372
29.282020,-0.084982,29.282020
29.292948,-0.084982,29.292948
29.303735,-0.084982,29.303735
29.314743,-0.084982,29.314743
29.325181,-0.084982,29.325181
29.335955,-0.084982,29.335955
29.346675,-0.079121,29.346675
29.357748,-0.084982,29.357748
29.368696,-0.084982,29.368696
29.379743,-0.084982,29.379743
29.392167,-0.084982,29.392167
29.402909,-0.084982,29.402909
29.413896,-0.084982,29.413896
